Figure S6a,,,,,,,,,,,,,,,,,,,,,,,,,
2018,Cheese,Yoghurt,Total Milk,Fruits,Refined Grains,Whole Grains,Nuts And Seeds,Total Processed Meats,Unprocessed Red Meats,Fish,Shellfish,Eggs,Total Salt,Added Sugars,Non-Starchy Vegetables,Potatoes,Other Starchy Vegetables,Beans And Legumes,,2018,Sugar-sweetened Beverages,Fruit Juices,Coffee,Tea,Water
Albania,0.181651849,0.548684019,32.06760676,2.43877365,10.00159108,0.154880981,0.062465753,10.4036871,0.739646618,33.69389134,0.030575759,0.00168625,0.07787876,0.065576771,4.245362478,0.650703599,0,0.074014769,,Albania,0.020699997,0.011151602,0.000701781,0.000731204,0.957906994
Algeria,0.047293973,0.029974025,7.021586715,1.406883116,39.44821839,0.95529875,0.025890411,3.262783827,0.469284168,24.8275142,0.002354625,0.000742437,0.089761413,0.143107894,2.706075143,0.928588079,0,0.101597052,,Algeria,0.002707141,0.007457941,0.165767735,0.008774452,0.957906994
Angola,0.034395616,0.274342009,0.685970575,0.903043361,78.13796927,0.354497517,0.051369863,6.311783772,0.448734134,96.2449316,0.001662088,7.74524E-06,0.100283399,0.098443042,0.522990441,0.16426737,0.507194532,0.121694695,,Angola,0.033086014,0.013749223,0.034835249,0.00048747,0.957906994
Antigua and Barbuda,0.369752877,0.093606002,4.503326004,1.813461344,6.794803072,0.08828286,0.025479452,18.55789337,1.183361345,105.8223521,0.213075635,0.000341897,0.035484068,0.243686875,0.995587135,0.161222818,0.128563089,0.039779473,,Antigua and Barbuda,0.026437096,0.008226127,0.000225099,0.028273235,0.427594523
Argentina,0.074165548,0.284262265,16.35908294,1.107723913,9.804294505,0.08424266,0.005890411,10.7282088,3.423322764,12.70046139,0.037180997,0.001778086,0.003133815,0.215302623,0.976948353,0.518404015,0.099501465,0.039779473,,Argentina,0.039021335,0.001217957,0.000214507,0.14721581,0.116541382
Australia,0.533132055,0.353704165,22.2019739,0.992095403,6.531301468,0.436957493,0.105753425,12.2607607,3.266437458,11.0812695,0.121197933,0.00092611,0.002153675,0.198167648,1.2561159,0.640186059,0.033351673,0.029661349,,Australia,0.057976982,0.009072605,0.001289688,0.012674209,0.957906994
Austria,1.492984726,0.443501247,18.66487489,1.334945763,4.150511118,0.825635455,0.109452055,14.12227904,2.036467451,10.72720971,0.035652262,0.001584455,0.076625441,0.081729214,1.225603523,0.789369061,0.003736495,0.043660398,,Austria,0.06319253,0.002188843,0.00191467,0.008043248,0.957906994
Bangladesh,0.020422397,0.022191797,1.771584775,0.425223499,79.79409297,0.016724053,0.014383562,0.090762706,0.157251219,89.09678965,0.018583502,0.000403859,0.032708078,0.038003798,0.515258798,0.71477756,0.032106175,0.104091932,,Bangladesh,1.69904E-05,0.007997215,2.64823E-06,0.01169927,0.52494532
Barbados,0.265491164,0.12042005,2.288592096,1.029107657,7.85492901,0.374958374,0.058630137,5.614129977,2.108403648,103.0456723,0.043223915,0.000967049,0.033412907,0.287829609,0.975153507,0.495154716,0.122197209,0.084132893,,Barbados,0.022047904,0.002030679,0.000421068,0.025348418,0.427594523
Belgium,2.575371781,0.191955146,18.63856923,1.703398586,6.001174776,0.809461696,0.04,10.25802492,1.550088066,17.67382295,0.053995023,0.000909513,0.067428949,0.067497821,1.535283448,1.188343641,0.017436974,0.039225056,,Belgium,0.063147734,0.001507432,0.001265853,0.006580839,0.957906994
Benin,0.003224589,0.046803001,1.159472388,0.657315383,51.4559764,0.199344208,0.145753425,4.026258091,0.256738095,101.884762,0.007063875,0.000107327,0.073273579,0.04822475,0.76916044,0.003874883,2.214357355,0.145673263,,Benin,0.048060239,0.008226127,0.002402431,0,0.957906994
Bolivia,0.017197808,0.076209145,4.209916761,0.913340003,17.16969226,0.123493736,0.121232877,4.121962117,2.574993608,1.862067489,0.000274987,0.000819889,0.004105171,0.396287831,0.561648657,0.983805164,0.40949212,0.06029293,,Bolivia,0.021883663,0.002716228,0.000566721,0.00511843,0.116541382
Bosnia and Herzegovina,0.185951301,0.484406791,19.64425471,1.483412214,7.454123967,0.479938247,0.038219178,3.060555217,1.28095539,28.96307976,0.003984366,0.00060081,0.068735641,0.055208406,3.517069295,1.150978696,0.000968721,0.100488217,,Bosnia and Herzegovina,0.041084102,0.002927724,0.001901428,0.000731204,0.957906994
Brazil,0.059117466,0.083559086,14.31634755,1.769491898,18.45721018,0.045386761,0.04369863,16.50633514,2.349048752,15.73206559,0.010457199,0.001341034,0.047441802,0.201822476,0.717800238,0.258094898,0.02214219,0.187670407,,Brazil,0.037095754,0.028159358,0.001604827,0.049478161,0.116541382
Bulgaria,0.115010342,3.397230901,14.38109994,0.797433205,5.743349656,0.539619709,0.05369863,9.593336096,1.510330641,34.06184335,0.010579178,0.000894022,0.002569315,0.061905761,1.370295704,0.37475656,0.017436974,0.030770185,,Bulgaria,0.044882911,0.004259615,0.001030161,0.002681083,0.957906994
Burkina Faso,0.008598904,0.176852082,1.746290875,0.064145299,26.54672334,0.757364421,0.241506849,1.413536004,0.376585684,53.70099368,0.000138507,0.00023457,0.084429899,0.041010023,0.205716937,0.017160197,0.068225622,0.264457265,,Burkina Faso,0.097168221,0.009072605,0.019219448,0.00609337,0.957906994
Cambodia,0.034395616,0.33738921,0.321738411,0.364278508,79.4861323,0.077590745,0.037671233,1.771566165,0.369482106,201.3665098,0.036486908,0.000127243,0.030875139,0.177757567,0.558197031,0.000968721,0.031691009,0.139297459,,Cambodia,0.01666194,0.015763682,7.41504E-05,0.000974939,0.807661285
Cameroon,0.001074863,1.698615451,0.909568654,0.891772712,38.77417621,0.714132441,0.186712329,1.891056358,0.297719201,106.2985423,0.023130729,4.86844E-05,0.088681095,0.052021974,1.983580693,0.087876815,1.092578671,0.315740907,,Cameroon,0.037243004,0.005251837,0.029429779,0.010968065,0.957906994
Canada,0.994248288,0.05994805,16.83258475,1.33884179,7.084242928,0.442340824,0.101917808,14.3388351,2.062345734,14.95963448,0.107110597,0.001660801,0.026216577,0.267941646,1.424141076,1.075418474,0.025740295,0.173532755,,Canada,0.041722812,0.007457941,0.001819333,0.0112118,0.957906994
Central African Republic,0.001074863,0.095977573,1.507516456,0.636026379,23.76497018,1.224722991,0.205205479,6.378927442,0.963918433,45.48645812,0.000138507,4.86844E-05,0.082462957,0.042386517,0.66409293,0.001799053,1.363958883,0.129595148,,Central African Republic,0.008523528,0.001858569,0.118920332,0,0.957906994
Chad,0.003224589,0.032086541,2.055888214,0.105192724,21.41772044,0.452231339,0.257123288,3.904493069,1.497731363,42.60524042,0,2.65551E-05,0.075527432,0.044285129,0.103824924,0.030307122,0.480762293,0.126684455,,Chad,0.002678823,0.005481337,0,0.000731204,0.957906994
China,0.024721849,0.517414905,2.273415756,1.338980934,41.04674625,0.020124705,0.126438356,1.236322357,2.173017803,206.8885275,0.206331812,0.002188584,0.01618014,0.033510505,5.318266046,0.608079884,0.292968847,0.087043586,,China,0.020643362,0.000782723,1.85376E-05,0.0280295,0.166709573
Colombia,0.047293973,0.045350007,11.16675109,1.295985495,19.74143089,0.098109288,0.012465753,11.90098749,1.252624484,4.940784653,0.003987306,0.001508109,0.002157135,0.35019902,0.889553171,0.791306503,0.477302576,0.115457496,,Colombia,0.028515591,0.004931995,0.000391938,0.000731204,0.116541382
Congo,0.007524041,0.038104573,0.113316673,0.481437601,82.86172755,0.37404487,0.040547945,2.056921659,1.284960893,177.4094472,0.001523581,3.98327E-05,0.066135519,0.067210872,0.54535698,0.020066359,0.232216214,0.038670638,,Congo,0.033544756,0.002716228,0.040240718,0.000974939,0.957906994
Cote d'Ivoire,0.004299452,0.011095898,0.114328429,0.135526076,57.90042202,0.149845133,0.069041096,0.29243707,0.506662788,149.4555052,0.001385074,0.000191418,0.121827506,0.06066066,0.544390525,0.009272042,3.556450826,0.030354372,,Cote d'Ivoire,0.010953158,0.007997215,0.004204254,0.001949878,0.957906994
Croatia,0.162304315,0.086727654,21.86809442,1.127621479,4.899593283,0.359390125,0.048493151,12.41125032,2.092119932,76.11350181,0.060203761,0.000814357,1.661091038,0.106871154,4.210017823,0.540961371,0.004981993,0.010395333,,Croatia,0.058333781,0.005291829,0.001326763,0.002681083,0.957906994
Cuba,0.022572123,0.214999159,8.659619696,1.323675114,28.61410119,0.195541853,0.004246575,5.029012821,1.791386928,13.06067902,0.00928401,0.00110425,0.031116319,0.250806671,1.925179173,0.17049486,1.227369251,0.284139095,,Cuba,0.020082678,0.008248321,0.000286009,0,0.427594523
Denmark,1.115707808,0.106608975,25.01465561,0.855038745,2.88594993,1.081010596,0.047808219,14.43452118,2.058854148,17.23616769,0.111377795,0.001757064,0.071348386,0.100299152,1.456586365,0.787708397,0.000276777,0.012890213,,Denmark,0.053264972,0.00582035,0.001861705,0.019011313,0.957906994
Djibouti,0.019347534,0.060210025,2.135816939,0.414091994,28.02241862,0.547556151,0.006849315,1.384062166,0.519788771,27.64742939,0.001385074,0.000279935,0.073541817,0.192424346,1.130062502,0.225988723,0,0.183235065,,Djibouti,0.001478167,0.002030679,0.019820055,0.014136618,0.957906994
Dominica,0.007524041,0.394301426,6.770671224,5.479622588,5.00021907,0.085750438,0.014520548,7.815216925,1.590386682,70.08545474,0.008979616,0.000396114,0.036266191,0.319726294,2.019339543,0.140326127,1.13797016,0.06528269,,Dominica,0.014402214,0.002018735,0.000834192,0.007068309,0.427594523
Dominican Republic,0.063416918,0.390616159,8.548326535,3.93735254,24.11661087,0.024885196,0.007671233,9.101581189,1.254480121,19.35962855,0.013088932,0.001177277,0.029004995,0.201157962,1.382307364,0.141156459,1.040821303,0.137218392,,Dominican Republic,0.029195208,0.006587764,0.000556128,0.001462409,0.427594523
Egypt,0.155855137,0.110931823,3.127337829,1.908774857,41.54390068,0.973862185,0.023287671,4.870113504,0.846389902,330.901414,0.007209208,0.000350749,0.085447423,0.128678442,2.27365538,0.434125306,0.040547885,0.06902501,,Egypt,0.000736252,0.007546608,0.016817017,0.019498783,0.957906994
Ethiopia,0.015048082,0.258707453,2.820775758,0.120776832,40.61776754,0.039478551,0.022739726,0.153514736,0.269824656,1.55096144,0,4.20456E-05,0.135600663,0.045661623,0.791250849,0.096180136,0.21367213,0.320453458,,Ethiopia,0.010364157,0.000965049,0.20420663,0.002437348,0.957906994
France,1.297359658,0.331499924,18.29861921,1.149049626,7.593090459,0.35243625,0.070547945,15.02585384,1.745268971,10.6160226,0.134079333,0.001314478,0.001608243,0.041855769,1.389762877,0.680595555,0.005950713,0.025641821,,France,0.04325195,0.006843136,0.001385024,0.006337104,0.957906994
Gabon,0.027946438,0.022675003,0.716323256,0.37165313,42.11967087,0.159742473,0.187671233,13.54602036,1.42577049,183.11058,0.003739699,0.000108433,0.033747913,0.080406226,0.771507546,0.017436974,2.429136594,0.002217671,,Gabon,0.04378998,0.004931995,0.008408508,0.003168552,0.957906994
Germany,1.379049247,0.105426156,17.31316886,1.083512889,5.547134614,0.359597321,0.070410959,20.80680272,1.209038948,10.40129622,0.020828546,0.001461638,0.000401678,0.047691844,1.258739137,0.814970968,0.000830332,0.024810194,,Germany,0.057051045,0.005633499,0.00159953,0.009018187,0.957906994
Ghana,0.006449178,0.107499579,0.20538647,0.913896578,78.99035319,0.468694733,0.116164384,1.315184891,0.468482604,183.6228999,0.000277015,0.000110646,0.071465011,0.06075559,0.909572604,0.001799053,4.212413194,0.092864973,,Ghana,0.011525169,0.008248321,0.000600608,0.001462409,0.957906994
Greece,0.274090068,0.345834882,24.54216555,1.712860365,3.808372896,0.987497092,0.209726027,2.503308175,2.65981144,71.6455131,0.081072771,0.001074376,0.042540367,0.155543804,2.407026226,0.771932087,0.009133653,0.065975712,,Greece,0.032077916,0.014661019,0.001043402,0.036316483,0.957906994
Grenada,0.081689589,0.411508291,2.900704483,1.623808324,7.428680218,0.078019328,0.013150685,6.725218621,1.540052355,66.04898504,0.021307564,0.001135231,0.035990714,0.195034938,1.938295353,0.139357406,0.375448503,0.061401765,,Grenada,0.019431379,0.005100731,1.85376E-05,0.001706143,0.427594523
Guinea,0.006449178,0.052713078,1.5317986,0.552818378,52.30114904,0.569401105,0.094520548,3.770495097,0.219095432,7.618897656,0,0.000231251,0.077012752,0.072242194,1.027894359,0.070163063,0.845693256,0.055996192,,Guinea,0.001534801,0.00694575,0.106307569,0.007068309,0.957906994
Guinea-Bissau,0.005374315,0.053304487,1.772596531,0.410335111,17.41530116,0.481080064,0.080273973,2.752358157,0.392579978,7.356300504,0.000412784,0.000152692,0.086011633,0.033557971,0.792217305,0.005397159,0.334208675,0.027998096,,Guinea-Bissau,0.014747686,0.007176125,0.001201215,0.002681083,0.957906994
Hungary,1.241466781,0.540585495,16.29635407,0.86143936,4.876076349,0.755304203,0.010684932,14.41653691,1.956960366,31.48617927,0.004658913,0.001525813,0.003657235,0.072005515,1.300020589,0.475226746,0.020343137,0.028552514,,Hungary,0.05828281,0.002570721,0.000476681,0.003899757,0.957906994
Iceland,1.684310342,0.248882614,20.6033994,1.120942575,3.47421714,0.494648867,0.049726027,12.42977218,2.29053199,12.05656282,0.220286624,0.001303414,0.065955134,0.147753669,1.032588571,0.464570817,0.208966915,0.014137653,,Iceland,0.053593453,0.007013239,0.002330441,0.014136618,0.957906994
India,0.355779658,0.013104784,7.603346421,1.11454196,32.11962346,0.345657883,0.049726027,0.797921887,0.112638281,24.09476382,0.006584104,0.000365133,0.032132432,0.08271851,1.24438037,0.360225748,0.011901427,0.217054548,,India,0.001121368,0.008063828,0,0.019255048,0.52494532
Indonesia,0.011823493,0.580916516,0.478560593,1.148771339,64.13022828,0.126374007,0.082739726,3.22478863,0.192143626,357.20707,0.072604505,0.001679611,0.012621458,0.125640662,0.634823138,0.06213652,0.091890087,0.030215767,,Indonesia,0.000526703,0.005486092,0.000129763,0.009505657,0.659296669
Iran,0.293437603,0.421513756,2.001253389,2.034282579,19.66757693,0.226293597,0.143424658,4.587120447,0.980515952,23.05225816,0.003306703,0.000917258,0,0.155638735,1.691158899,0.439384076,0,0.064173854,,Iran,0.000492722,0.009849954,3.70752E-05,0.046065874,0.085080558
Iraq,0.029021301,0.520842353,2.951292283,1.046083203,21.6662615,0.040367607,0.028082192,2.426196874,0.343170357,11.06157404,0.000826676,0.001222642,0.034027528,0.105372977,1.407297139,0.221421897,0,0.059322699,,Iraq,0.001251628,0.004689577,5.03164E-05,0.025592152,0.085080558
Ireland,0.463265959,0.060784782,32.56336721,0.923358358,5.817838604,0.414490386,0.041643836,18.74289447,1.516647875,4.41569525,0.018654409,0.000887384,0.061138727,0.152158881,1.252388144,0.950453491,0.000553555,0.043660398,,Ireland,0.089199714,0.006853893,0.000715022,0.041922383,0.957906994
Japan,0.065566644,0.21985997,4.814946855,0.465853493,26.82267288,0.011462187,0.030958904,3.043430576,1.520460296,113.5088715,0.204887682,0.002195223,0.003108369,0.122650348,1.331913617,0.255880679,0.066426569,0.130703984,,Japan,0.019952418,0.006811723,0.000950714,0.020961192,0.166709573
Jordan,0.058042603,0.443435275,4.510408296,0.590248064,10.79095914,0.079516417,0.06109589,5.759259332,0.921123099,14.98287278,0.001791131,0.0006163,0.053460492,0.199686538,1.596722399,0.263630446,0,0.089399862,,Jordan,0.000345472,0.00211174,0.00094277,0.014867822,0.085080558
Kenya,0.083839315,0.19530808,7.689345682,0.988477663,37.50334605,0.072908307,0.02260274,2.867901165,0.395285712,0.301212265,0.000420998,0.000164863,0.065976366,0.087763349,0.697090479,0.432464642,0.227649387,0.221074077,,Kenya,0.010086647,0.006587764,0.002402431,0.05142804,0.957906994
Kuwait,0.232170411,0.160677127,3.901331178,0.982216192,20.23797003,0.079853535,0.047808219,16.9632479,1.173163543,36.37443528,0.027555856,0.001674079,0.047862061,0.182504097,2.378584824,0.512730079,0.003044551,0.075400814,,Kuwait,2.83174E-05,0.009959867,0.00058261,0.038022627,0.085080558
Laos,0.007524041,0.519025043,0.300491535,2.352782772,74.32381558,0.001962596,0.073835616,4.620127279,0.699059742,235.8571923,0,0.000199163,0.03188189,0.190573199,3.171216324,0.006504268,0.131330862,0.03187902,,Laos,0.006496005,0.01172893,0.004758867,0.019742518,0.807661285
Lesotho,0.003224589,0.303452193,5.166026191,0.218316646,30.4868253,0.595606861,0.012465753,6.667009795,0.629611864,19.37159133,0.000415522,5.42167E-05,0.083070347,0.132618062,0.371395007,0.784940623,0.014945978,0.053085499,,Lesotho,0.025304401,0.004844746,0.007207293,0.003656022,0.957906994
Luxembourg,1.762775342,0.082028299,9.688575559,1.217647527,6.380490809,0.216957607,0.04369863,18.90920619,1.458751924,20.66291524,0.129072051,0.001820132,0.076943057,0.291800513,1.313274835,0.454053277,0.020204748,0.012335795,,Luxembourg,0.08784048,0.022290987,0.006633814,0.014380352,0.957906994
Madagascar,0.001074863,0.205754145,2.02148851,0.677491236,42.06170336,0.12325559,0.005890411,1.657941749,0.379663062,19.24898632,0.013850736,6.63878E-05,0.065117947,0.038589293,0.298358591,0.080542215,0.266398219,0.033819483,,Madagascar,0.003352777,0.005100731,0.135737348,0.000243735,0.957906994
Malawi,0,0.030392391,1.015803035,2.163268895,52.59109001,0.857326963,0.021917808,6.203316976,0.501963426,72.94998,0,0.000115072,0.075307701,0.046658395,1.218148009,0.585660917,0.774007917,0.256002395,,Malawi,0.012295402,0.006853893,0.033033425,0.005849635,0.957906994
Malaysia,0.080614726,0.302635007,0.508913273,0.693771063,34.64722534,0.021780721,0.035342466,11.02193683,1.015758781,452.1466378,0.119917805,0.001965079,0.002911559,0.213641337,0.984265801,0.199556484,0.011901427,0.041026913,,Malaysia,0.005255704,0.005585113,5.29646E-06,0.025348418,0.659296669
Mali,0.002149726,0.043363827,4.406197427,0.933237569,35.0071262,0.429946256,0.09369863,3.697026578,0.623194504,55.35616129,0.000554029,5.20038E-05,0.098031872,0.055676803,1.563310655,0.091198144,0.294352734,0.142208152,,Mali,0.02096618,0.005291829,0.001801823,0.012430474,0.957906994
Mauritania,0.03224589,0.290458258,8.164871007,0.210107161,37.68604734,0.134306574,0.009726027,8.799846939,0.524324132,13.43860345,0.017923637,0.000366239,0.0287398,0.18834233,0.706616968,0.11583133,0.016191476,0.139436063,,Mauritania,2.83174E-05,0.005486092,0,0.081651153,0.957906994
Mauritius,0.26764089,0.006552392,1.72200873,0.576472826,28.38837553,0.507461494,0.033424658,8.662710097,1.222867542,119.0494632,0.064405922,0.000736905,0.090280486,0.211457933,0.916061662,0.314834259,0.00636588,0.136248161,,Mauritius,0.019833486,0.008063828,0.040841326,0.03461034,0.957906994
Mexico,0.034395616,0.376534866,9.283873155,1.615320551,9.644286504,0.10596195,0.04890411,8.913740506,1.894676271,37.47474315,0.052614421,0.002219565,0.00623669,0.050086684,1.083948773,0.209797247,0.004705215,0.145396054,,Mexico,0.03584979,0.003681925,0.000140356,0.00048747,0.427594523
Mongolia,0.433169795,0.662760089,17.46796753,0.174764632,6.825747644,0.563535595,0.011369863,32.20737355,1.623435189,0.521461583,0.000274277,0.000570935,0.111339438,0.307622641,0.803262509,0.624686526,0.000415166,0.007068826,,Mongolia,0.021221037,0.010808119,0.00018008,0.023154805,0.957906994
Montenegro,0.216047466,0.051002664,35.82931561,1.742358854,2.673033785,1.218311927,0.045890411,8.876304995,2.113651017,59.08258013,0.039084446,0.001147402,0.082690605,0.588000197,1.672658181,0.371712009,0.004981993,0.062649205,,Montenegro,0.051469651,0.005348134,0.001496249,0.004387226,0.957906994
Morocco,0.171978082,0.172917441,2.846069658,1.389629283,29.06219848,2.139577032,0.052876712,1.104780808,1.173850132,10.94673455,0.008351419,0.000968155,0.058350332,0.16347051,1.510017543,0.56531778,0.007749766,0.10464635,,Morocco,0.00215212,0.014661019,0.059460166,0.04533467,0.957906994
Mozambique,0.003224589,0.270292748,0.616159411,0.557131836,32.51243476,1.356681008,0.043424658,1.414847719,0.192057283,74.78905513,0.008171934,0.000203589,0.116114702,0.057480484,0.504903918,0.116523273,0.170356472,0.131397006,,Mozambique,0.006926429,0.002570721,0.004204254,0.026810826,0.957906994
Myanmar,0.098887397,0.13581623,1.718973462,0.5062052,58.51520965,0.012561956,0.145753425,7.628112719,1.628122657,192.9544377,0.001181881,0.001045608,0.014911739,0.135655841,1.212625407,0.102822793,0.319262697,0.185452736,,Myanmar,0.001636744,0.013131601,0.000270119,0.060933696,0.807661285
Namibia,0.068791233,0.210756878,5.143767559,0.395585867,31.21842058,0.174467591,0.007945205,4.106763398,0.877837647,65.10325946,0.023546251,0.000123924,0.08948596,0.184165383,1.869262824,0.197480654,0.009548819,0.114071451,,Namibia,0.046814275,0.009849954,0.034234641,0.009993126,0.957906994
Netherlands,0.693286644,0.048576679,29.3550889,1.355121617,3.789647358,0.588280074,0.051780822,9.398124327,1.419706404,16.00700824,0.067136209,0.001950695,0.050190121,0.178469546,0.933733989,0.996398535,0.045668266,0.04310598,,Netherlands,0.046859583,0.00717807,0.001816685,0.015842761,0.957906994
Niger,0.096737671,0.260421176,3.994412731,0.364556796,41.08732049,0.041079856,0.227945205,1.507299904,0.213198134,12.26050084,0,2.76616E-05,0.078936466,0.022071367,1.508913022,0.042900492,0.061998131,0.542497765,,Niger,0.000317155,0.004689577,0.004804862,0.008043248,0.957906994
Nigeria,0.007524041,0.124441307,0.123434233,0.313491016,32.56628598,1.17140696,0.17739726,1.097047929,0.20216166,125.9445644,0.004372316,0.000321981,0.083668104,0.050692946,1.360078889,0.062413297,2.059777193,0.158147662,,Nigeria,0.007736305,0.007013239,0.003003039,0.000243735,0.957906994
Norway,1.069488699,1.134648808,17.37286246,1.08754806,3.262553317,1.067434825,0.05109589,7.876393686,1.870134404,6.35092631,0.154580603,0.001322224,0.071659935,0.202771783,0.99517294,0.720728273,0.006781046,0.140129086,,Norway,0.040340924,0.002007282,0.002216568,0.006337104,0.957906994
Pakistan,0.557853904,0.368233062,11.33773786,0.578142552,11.14387971,0.305784695,0.010136986,1.071167281,0.559261795,3.796978028,0.000970261,0.000373985,0.020972476,0.087760965,0.376779544,0.202185869,0.000830332,0.068054778,,Pakistan,0.000107606,0.000426212,0,0.018767578,0.52494532
Paraguay,0,0.58455415,4.445655911,1.063615324,12.26763911,0.639582473,0.022054795,3.290376917,1.374333167,2.96743823,0.001374933,0.002052489,0.003737609,0.129580282,0.680522672,0.075837,0.094104306,0.135000721,,Paraguay,0.04325195,0.004309571,0.000185376,0.404843479,0.116541382
Peru,0.022572123,0.045741778,5.571740351,1.705068312,27.25256125,0.121895206,0.014246575,4.464714787,1.506890356,16.64732847,0.030248531,0.001148509,0.004398668,0.107983569,1.070694527,1.26002898,0.088291981,0.138743041,,Peru,0.02954068,0.002926923,0.00092688,0.001949878,0.116541382
Philippines,0.006449178,0.065167153,0.094093309,0.99418256,56.35811649,0.126704471,0.03260274,12.98400779,0.576118334,297.7687714,0.036421767,0.00050676,0.016816452,0.103094642,0.895351903,0.035565892,0.448517729,0.018295786,,Philippines,0.009299424,0.009465111,0.000823599,0.001218674,0.659296669
Portugal,0.496586712,0.030925512,14.56321602,1.868840582,9.705913915,0.297185061,0.064109589,9.227230975,2.773968283,9.723815097,0.169122914,0.001170638,0.002285801,0.068191246,1.535007318,0.861192789,0.007611378,0.050452015,,Portugal,0.057518241,0.002434474,0.001504194,0.008043248,0.957906994
Romania,0.153705411,0.068718095,23.89970049,1.454609444,9.590027879,0.037866837,0.043013699,13.89540595,1.440363478,39.00291322,0.010696796,0.001484874,0.094148988,0.051949266,2.891772646,1.352057456,0.042762104,0.032987856,,Romania,0.061731865,0.003498724,0.000786524,0.002924817,0.957906994
Russia,0.547105274,0.512898951,13.96425646,0.873684016,4.714617696,1.292272168,0.029315068,8.024068951,2.08226084,17.00337234,0.02495919,0.001827877,0.072780232,0.123148949,1.439604363,1.313170236,0,0.03562134,,Russia,0.038534276,0.011939492,0.000381345,0.024617213,0.957906994
Rwanda,0.015048082,0.221717638,1.498410652,1.62547805,32.86917805,0.087125471,0.016986301,1.449774026,0.231873626,30.95776462,0,4.5365E-05,0.124264511,0.05520215,0.782690815,1.577492625,1.873229245,0.532934059,,Rwanda,0.010449109,0.00211174,0.047448011,0,0.957906994
Saint Lucia,0.126833836,0.064173082,2.986703744,1.076555698,5.757139273,0.421113913,0.025479452,8.092459039,3.104200594,73.3249145,0.082186316,0.000424882,0.036584753,0.189386567,0.526027872,0.152089165,0.175061687,0.083024058,,Saint Lucia,0.038930719,0.005481337,6.35575E-05,0.002924817,0.427594523
Saudi Arabia,0.391250137,0.55148144,4.105705892,1.05290125,22.60680262,0.091770285,0.030684932,12.86801701,0.629242942,30.5217506,0.009782329,0.000867467,0.04213308,0.150892204,0.886653804,0.222390617,0.046083432,0.075816627,,Saudi Arabia,0,0.000352326,0.000474033,0.027542031,0.085080558
Senegal,0.016122945,0.168694605,1.181731021,0.257416058,43.57750971,0.073103997,0.114520548,2.29726045,0.479122172,95.08018402,0.011080589,0.000235677,0.077643159,0.08168779,1.804786442,0.0905062,0.112925167,0.073321747,,Senegal,0.001291272,0.015763682,0.032432818,0.009749391,0.957906994
Serbia,0.042994521,0.427578656,16.3944944,1.447234822,5.025757059,0.694673906,0.046986301,8.363997576,1.482794969,5.540529322,0.003291322,0.001062205,0.054621096,0.122555417,1.230021604,0.447687397,0,0.039640869,,Serbia,0.037044783,0.013735982,0.000990438,0,0.957906994
Slovakia,0.731981712,0.407897493,16.77592641,0.718399518,3.246799011,0.562802839,0.051780822,17.66539881,0.769420566,8.902094171,0.001782799,0.001401889,0.069759154,0.1502607,0.896456424,0.703014522,0.023664465,0.018018577,,Slovakia,0.048734193,0.009262037,0.00089775,0.004874696,0.957906994
Slovenia,1.34465363,0.280735675,14.03305587,1.780066828,6.370513818,0.456592583,0.054109589,12.98864755,1.46718323,8.213019936,0.04306146,0.001063311,0.071135076,0.080636865,1.276135334,0.554108296,0.003044551,0.036452967,,Slovenia,0.043495479,0.001333674,0.001257909,0.003168552,0.957906994
South Africa,0.059117466,0.025501332,4.66925399,0.325457384,15.79545685,1.458539804,0.014931507,7.322204457,1.743584172,5.267202858,0.006648353,0.000649494,0.106353787,0.189434032,0.536935012,0.457789771,0.017990529,0.020374852,,South Africa,0.036840898,0.005348134,0.061261989,0.009505657,0.957906994
South Korea,0.252592808,0.003790973,1.065379079,0.730226742,29.23564634,0.036626701,0.104246575,1.44138723,2.732666361,132.1769463,0.273982277,0.001420699,0.056209613,0.23666201,2.84193116,0.166896755,0.059783912,0.088429631,,South Korea,0.040941253,0.000981197,0.000566721,0.001706143,0.957906994
Spain,0.325683493,0.039714434,15.71459436,1.455026876,7.548112531,0.254215765,0.185753425,18.58328172,2.363550146,7.546394228,0.196729182,0.001582242,0.031608059,0.036343321,1.670587205,0.824934954,0.008995265,0.089399862,,Spain,0.06258705,0.013470701,0.001008975,0.002924817,0.957906994
Sri Lanka,0.01074863,0.092961774,1.654221078,1.100627578,53.23288397,0.055666542,0.042465753,0.49407945,0.325505946,122.0688922,0.018929298,0.00045365,0.021153418,0.113121548,0.784071466,0.134098636,0.432187864,0.160365333,,Sri Lanka,0.004190971,0.011384284,8.47433E-05,0.010968065,0.52494532
Sweden,1.765999932,0.591759544,17.89695207,0.815800189,4.61211416,0.671254578,0.050273973,10.40592971,1.677666823,22.49734259,0.115629903,0.001594414,0.082098564,0.087853533,1.177280752,0.730830647,0.005535547,0.027998096,,Sweden,0.044673482,0.006135337,0.002674711,0.009749391,0.957906994
Switzerland,0.562153356,0.221863645,29.15577296,1.159207125,4.088047079,0.484124436,0.069452055,10.12714913,1.760024021,66.49418494,0.05747204,0.001119741,0.066236646,0.081030827,1.30250576,0.647105493,0.004428438,0.028968327,,Switzerland,0.043739134,0.006120838,0.002015302,0.00609337,0.957906994
Syria,0.079539863,0.658883017,8.629267016,1.553679841,10.23842567,0.041874363,0.129863014,2.66590129,0.587495045,4.682147743,0,0.00063511,0.046748089,0.199544142,1.635518681,0.368805847,0.000968721,0.125714224,,Syria,0.000379453,0.00545042,0.000315139,0.027054561,0.085080558
Tanzania,0.078465,0.188267433,2.945221747,1.014219269,46.58802667,0.113888099,0.128356164,1.434288145,0.304867717,39.41315583,0.00112834,0.000118392,0.07510844,0.058192464,0.771921741,0.178244627,0.90008001,0.315047885,,Tanzania,0.029523689,0.003681925,0,0.002437348,0.957906994
Thailand,0.026871575,0.309143109,1.581374645,1.786467444,49.65833232,0.015679646,0.020684932,2.695222404,0.849916091,233.5361886,0.102218164,0.001333288,0.07859275,0.285503809,0.708273749,0.044007602,0.002352608,0.059877117,,Thailand,0.021073786,0.00746414,0.000161542,0.0224236,0.085080558
The Gambia,0.012898356,0.197150713,2.584024852,0.074163654,24.25918102,0.113011036,0.26630137,1.854193819,0.377326079,131.6164765,0.010803574,0.000105114,0.07342531,0.161904155,0.27350688,0.027954514,0.000415166,0.011919982,,The Gambia,0.004734664,0.002018735,0.006606685,0.052646714,0.957906994
Togo,0.005374315,0.046480887,0.160869206,0.119524537,56.40321576,0.174276354,0.076575342,0.719488968,0.474008659,75.21817265,0.000138507,0.00021908,0.070298416,0.06773299,0.304433454,0.005812325,1.11167631,0.149138374,,Togo,0.00510279,0.011384284,0.054054696,0.000731204,0.957906994
Trinidad and Tobago,0.123609247,0.037248363,2.815716978,0.729531023,8.981119144,0.349120817,0.043424658,12.11406597,1.803654126,54.6594559,0.038049221,0.000372878,0.028991744,0.314789902,0.638274765,0.402572686,0.060752633,0.124882598,,Trinidad and Tobago,0.015489601,0.012152067,0.000195969,0.004874696,0.427594523
Tunisia,0.190250753,0.041014149,9.278814375,1.165051165,49.18357844,0.385130184,0.096712329,6.717657562,0.518234123,141.6042799,0.011119954,0.000864148,0.101132028,0.164752073,3.708565531,0.427205872,0.000415166,0.123912366,,Tunisia,0.007039698,0.022290987,0.105106354,0.015842761,0.957906994
Turkey,0.310635411,0.113861737,17.67942453,1.790363471,14.24568241,0.042263732,0.172739726,1.351443471,1.272314672,1.436584584,0.008381869,0.000961517,0.017191036,0.056909606,3.1962061,0.647797436,0,0.180601581,,Turkey,0.007334199,0.011410655,0.000198617,0.087257053,0.957906994
Uganda,0.027946438,0.067908115,4.072317943,0.046474034,39.52944595,0.089653339,0.103424658,1.303604255,0.27823758,70.98829987,0,9.51558E-05,0.072300331,0.068587366,0.470801849,0.058815191,2.463456988,0.217193152,,Uganda,0.036778599,0.013131601,0.036637072,0,0.957906994
Ukraine,0.121459521,0.986774113,16.02823872,0.926280378,6.253792391,0.553397074,0.037260274,13.06125834,0.799867674,56.13896404,0.014536671,0.001919714,0.070765609,0.108017226,2.35718474,1.832127806,0,0.021067874,,Ukraine,0.026822212,0.011427738,0.000312491,0.008774452,0.957906994
United Kingdom,0.302036507,0.606904386,21.00709005,1.074607685,6.292260234,0.470957778,0.053424658,16.59550737,1.567228585,2.960038471,0.055249487,0.001233707,0.029012457,0.180463089,1.081739732,1.061026051,0.0073346,0.045046442,,United Kingdom,0.052540047,0.004844746,0.000701781,0.038997566,0.957906994
United States,0.257967123,0.142031377,23.25723542,1.449739411,7.499508831,0.215982488,0.122739726,23.31012871,2.502662641,16.44232464,0.140118757,0.001793577,0.088423563,0.306103751,1.578912007,0.72321927,0.058400025,0.052946895,,United States,0.050903303,0.011231355,0.00118111,0.010480596,0.957906994
Uruguay,0.190250753,0.460310783,19.43482121,1.124699458,11.39744329,0.196241307,0.019452055,8.629981709,1.282118019,5.920039269,0.016657389,0.001271326,0.004843536,0.261343969,0.828528415,0.390809648,0.252420962,0.041442727,,Uruguay,0.03291611,0.002126361,0.000190672,0.226429616,0.116541382
Venezuela,0.012898356,0.119634201,9.386060512,0.97887674,17.2824103,0.069074874,0.000958904,6.410237377,0.832271764,6.283550452,0.02123817,0.000587532,0.036811911,0.145148902,0.689220771,0.196373545,0.331717679,0.067638965,,Venezuela,0.009395703,0.008571657,0.000529646,0.000243735,0.116541382
Vietnam,0.015048082,0.087859623,0.77095808,1.185505306,65.35031049,0.033388111,0.162328767,3.649020284,1.785492633,286.396349,0.151280755,0.000343004,0.008496708,0.051689717,2.307343254,0.058261637,0.06739529,0.114210056,,Vietnam,0.016543007,0.006540439,0,0.026323357,0.807661285
Zambia,0.009673767,0.331380044,0.72037028,0.10101841,49.31115977,1.219079802,0.103561644,6.06604643,0.305763313,86.00741339,0.000138507,0.000359601,0.111887629,0.06308139,0.337707133,0.02629385,0.136312855,0.063480832,,Zambia,0.022206481,0.010808119,0.006006077,0.002924817,0.957906994
Zimbabwe,0.025796712,0.151317503,2.568848511,0.24544969,34.81074332,0.04443129,0.045068493,10.76193832,0.991797859,19.80070886,0,0.000156011,0.073090905,0.154404637,0.212205995,0.020204748,0.029338401,0.038532033,,Zimbabwe,0.015223418,0.005585113,0.004804862,0,0.957906994
,,,,,,,,,,,,,,,,,,,,,,,,,
Figure S6b,,,,,,,,,,,,,,,,,,,,,,,,,
2018 (UB),Cheese,Yoghurt,Total Milk,Fruits,Refined Grains,Whole Grains,Nuts And Seeds,Total Processed Meats,Unprocessed Red Meats,Fish,Shellfish,Eggs,Total Salt,Added Sugars,Non-Starchy Vegetables,Potatoes,Other Starchy Vegetables,Beans And Legumes,,2018,Sugar-sweetened Beverages,Fruit Juices,Coffee,Tea,Water
Albania,0.263427934,2.184588765,39.70247544,2.945403627,12.85479561,0.732136335,0.263122258,18.08042909,0.895504324,45.86603567,0.041621457,0.002091994,0.078028027,0.066562046,5.160973274,1.782798416,0,0.098764597,,Albania,0.030003777,0.01488059,0.001113683,0.001223409,0.957906994
Algeria,0.150714792,0.120079264,11.18279618,1.432663331,119.2049306,3.759181869,0.110258534,4.813307154,0.682543663,58.61806918,0.005559299,0.00146805,0.153692833,0.362127036,2.809574177,2.633938615,0,0.465232028,,Algeria,0.007360769,0.034151315,0.316049491,0.014681894,0.957906994
Angola,0.049879845,1.092294382,0.849291003,1.09064127,100.4287835,1.675741663,0.216383436,10.96916486,0.543291009,131.0140589,0.002262529,9.6089E-06,0.170735082,0.099922126,0.635785449,0.450059915,0.721006036,0.162388233,,Angola,0.04795679,0.018346831,0.055281432,0.000815606,0.957906994
Antigua and Barbuda,1.57682033,0.384678679,9.143817174,2.657733956,20.90581795,0.494584534,0.115073654,54.85482521,1.596315631,258.7363981,0.520971433,0.000681834,0.037898019,0.362764941,1.398490661,0.585307952,0.634888799,0.186045328,,Antigua and Barbuda,0.040990142,0.038472918,0.000670155,0.048405981,0.427594523
Argentina,0.087656651,0.376507883,21.20975017,1.292983007,12.00801076,0.111868382,0.008000721,13.38093054,4.174857316,16.50480496,0.048318331,0.002142066,0.003136692,0.238139513,1.131141456,0.657333048,0.142381368,0.054258534,,Argentina,0.048695835,0.001661273,0.000258883,0.165692497,0.116541382
Australia,1.717822873,1.575198067,27.62177679,1.215193183,20.5005124,0.525749418,0.133584352,15.14427019,3.886101237,13.56615507,0.148375595,0.001932916,0.002162074,0.328544604,1.502967906,2.22929489,0.189106869,0.042130286,,Australia,0.073068435,0.012886516,0.003739532,0.022087894,0.957906994
Austria,4.486860627,1.781890803,22.76508694,1.553080492,6.656701427,0.98348036,0.137200202,27.73631778,2.517865919,14.24177124,0.047333032,0.003142466,0.076844961,0.12666741,1.384529432,0.925138066,0.019189707,0.068479894,,Austria,0.074505241,0.003433128,0.002394448,0.013448178,0.957906994
Bangladesh,0.034435968,0.031035849,2.017170408,0.477290084,93.31360884,0.027600405,0.019619661,0.145076225,0.178129242,102.5433048,0.021388129,0.000472992,0.032804769,0.192470311,0.561450538,0.948801641,0.039022819,0.120380832,,Bangladesh,2.83848E-05,0.009248665,1.15431E-05,0.012941769,0.52494532
Barbados,1.141953382,0.499085483,3.286850306,1.26657102,22.6431539,0.490282322,0.092008088,8.573476835,2.850961521,250.7890455,0.10519689,0.001752235,0.033620752,0.376407792,1.168610365,1.79547729,0.616391121,0.135454975,,Barbados,0.029714336,0.003269418,0.001222793,0.043440291,0.427594523
Belgium,3.780847296,0.37472336,23.61313606,1.948317197,9.594272456,1.058371169,0.04896435,12.60958817,1.875973444,21.96604274,0.067108118,0.00143219,0.067684198,0.089998424,1.754490043,1.385279893,0.099394821,0.058656107,,Belgium,0.072717132,0.002254174,0.001470194,0.009331719,0.957906994
Benin,0.003811159,0.061990988,1.503270066,0.767246793,63.02176236,0.264715217,0.197971324,5.021814997,0.313100747,132.4037035,0.009179815,0.000129297,0.079639718,0.053339891,0.890558091,0.004913328,3.168629024,0.198695886,,Benin,0.059975741,0.011220299,0.002899435,0,0.957906994
Bolivia,0.024094637,0.30947987,4.801900035,1.042084732,20.12930815,0.625596706,0.529427122,21.32688644,2.862455109,2.240712518,0.000330904,0.000957004,0.004195256,0.788289637,0.63548966,3.499531623,0.47826023,0.072328241,,Bolivia,0.030054702,0.003258425,0.001651234,0.008667229,0.116541382
Bosnia and Herzegovina,0.592583161,1.940587264,31.28604763,1.510594775,22.52492929,1.888597841,0.162762597,4.514976505,1.86306729,68.3821908,0.009407137,0.001188005,0.069694066,0.139701983,3.651586356,3.264749249,0.004808273,0.460154461,,Bosnia and Herzegovina,0.111708491,0.013406601,0.003625226,0.001223491,0.957906994
Brazil,0.071245132,0.114374317,16.83870813,2.010287777,22.25304235,0.058920171,0.056633312,20.82657548,2.653151841,18.52273606,0.012312175,0.001636638,0.04746077,0.21786501,0.800990786,0.325697332,0.029652649,0.224226954,,Brazil,0.04423652,0.033644553,0.001893239,0.054059622,0.116541382
Bulgaria,0.163095827,4.321292215,17.82336297,0.974604319,9.157940935,0.739063474,0.082969479,12.66510943,1.824825026,47.87059473,0.014868001,0.001243493,0.002569553,0.106613283,1.518184819,0.551638979,0.038705646,0.044414364,,Bulgaria,0.061190882,0.006148423,0.001898719,0.003246965,0.957906994
Burkina Faso,0.03667024,0.72678273,3.545771387,0.094008697,81.67726999,4.242960976,1.090725014,4.178236661,0.508001732,131.2993088,0.000338651,0.000467795,0.140117877,0.061049651,0.288968394,0.062298872,0.336921612,1.236844896,,Burkina Faso,0.150657211,0.042431828,0.057219231,0.010432323,0.957906994
Cambodia,0.059238071,0.54390737,0.374726773,0.415690135,92.64496419,0.472205928,0.056484888,10.51161054,0.423447558,229.4246887,0.041570952,0.000146707,0.030987319,0.24126483,0.622252621,0.003991133,0.037250933,0.170475491,,Cambodia,0.022253468,0.019291962,0.000232222,0.001094842,0.807661285
Cameroon,0.001577983,3.315935533,1.152329243,1.019993867,61.98953117,0.933728167,0.228556194,2.324564629,0.3603107,132.1139366,0.028748199,7.66622E-05,0.095073225,0.069363657,2.266794824,0.102440053,6.227953292,0.472150571,,Cameroon,0.042886803,0.007853458,0.034180492,0.015552865,0.957906994
Canada,1.122519129,0.073472371,19.14123183,1.497757965,8.333230975,0.492906542,0.116193281,16.17175005,2.281582797,16.92859782,0.121208324,0.001923977,0.026224105,0.429516398,1.55216426,1.188876413,0.030477868,0.2060912,,Canada,0.046757759,0.008857209,0.00186131,0.011839722,0.957906994
Central African Republic,0.003463353,0.427429762,1.875521665,0.779053021,74.59371892,1.473592765,0.259209014,7.879135976,1.146779836,55.68643056,0.000169567,0.000101611,0.093031247,0.070273133,0.794600531,0.006264772,7.733764749,0.184073915,,Central African Republic,0.010742209,0.002639868,0.344817155,0,0.957906994
Chad,0.003850273,0.038312696,2.430403381,0.116175108,25.4150021,0.566822159,0.307320936,5.514903902,1.721601003,49.71952817,0,3.00286E-05,0.082583841,0.079305476,0.114455567,0.037591931,0.597361945,0.149551861,,Chad,0.003188971,0.006470755,0,0.000787701,0.957906994
China,0.117279517,2.171663035,2.808826284,1.492084688,116.4186115,0.024848225,0.157880874,1.565785854,2.522837817,243.4756809,0.242820514,0.004390036,0.01618626,0.1504715,5.878994521,2.247563789,1.455656991,0.110043196,,China,0.026939335,0.000989543,5.67968E-05,0.046415685,0.166709573
Colombia,0.066276927,0.059246347,12.78080242,1.450913479,23.29214393,0.502008424,0.028368195,15.35916744,1.390452901,5.893696144,0.004756324,0.001742538,0.002164469,0.462781963,0.99552062,2.868592816,0.557584041,0.13503683,,Colombia,0.038628753,0.005768365,0.001188003,0.000813412,0.116541382
Congo,0.012686935,0.053290312,0.129025177,0.540387333,96.90099284,0.617301915,0.055308759,3.287808857,1.455563337,204.184136,0.00175352,4.66513E-05,0.068875374,0.340389599,0.594246953,0.026636251,0.282242633,0.04472204,,Congo,0.056041083,0.003141279,0.175401207,0.001078481,0.957906994
Cote d'Ivoire,0.012921125,0.044580887,0.139443562,0.157671503,92.86225502,0.178492511,0.086544308,0.574349754,0.626432288,198.4216933,0.001838866,0.000379641,0.1317645,0.094014469,0.614982488,0.010866804,18.26504723,0.047609831,,Cote d'Ivoire,0.01291399,0.012543368,0.005257758,0.003260164,0.957906994
Croatia,0.547700572,0.347288097,36.26609195,1.334658971,14.84890332,1.162492065,0.111851429,13.9638725,2.113949601,131.5645,0.104064029,0.001623508,1.680224122,0.169389952,4.27667086,1.807704327,0.024958033,0.027076324,,Croatia,0.077937157,0.013783425,0.002729125,0.004500132,0.957906994
Cuba,0.098513273,0.892844838,17.71049271,2.336045927,83.8927392,0.928647211,0.019669706,17.24448741,2.194515505,31.51244009,0.022400199,0.002222609,0.03133154,0.3544622,3.603853409,0.620363204,6.091033226,1.314114061,,Cuba,0.052963626,0.038147637,0.000851975,0,0.427594523
Denmark,4.207604744,0.457144767,51.57629631,1.031876467,4.646064906,1.332361966,0.067919849,53.16600693,2.714909928,41.94031956,0.271012698,0.003605558,0.071494331,0.138963769,1.711476124,0.948988491,0.001530241,0.06300458,,Denmark,0.064959874,0.028448616,0.002401804,0.032718091,0.957906994
Djibouti,0.027436681,0.076587409,2.647046519,0.506093605,44.68257549,0.749933229,0.010582842,1.827237013,0.62802378,38.85576227,0.001946586,0.000389361,0.073937148,0.331390664,1.252024458,0.332653786,0,0.264485537,,Djibouti,0.002015251,0.002931127,0.036530913,0.017120363,0.957906994
Dominica,0.032048684,1.609865813,13.78414923,6.988688347,14.98652235,0.411437127,0.065489965,43.46564876,2.142695924,168.0534401,0.021531648,0.000786959,0.038755078,0.498028934,2.522514732,0.509083359,5.559490635,0.301326381,,Dominica,0.022060766,0.009317906,0.00246996,0.012023654,0.427594523
Dominican Republic,0.089791463,0.643153785,9.799285133,4.435013167,28.40684182,0.147989626,0.035828763,33.55727333,1.424147718,23.15111189,0.015652332,0.001371373,0.02934859,0.331522059,1.559907727,0.517514186,1.224048517,0.160914321,,Dominican Republic,0.079343211,0.00772539,0.000881627,0.001624019,0.427594523
Egypt,0.218357649,0.450486171,3.567092768,2.177836433,48.70500681,4.933407927,0.101697865,25.1977953,0.940877325,398.1890802,0.008675175,0.000409406,0.147438473,0.25596517,2.572577118,1.544244015,0.047357299,0.082803365,,Egypt,0.001011157,0.009053017,0.048999108,0.033018015,0.957906994
Ethiopia,0.018135124,0.354114548,3.317761008,0.137212376,48.9710467,0.051250253,0.029470626,0.193694494,0.304755608,1.826082482,0,5.13137E-05,0.14576935,0.04929119,0.882954067,0.121372464,0.286148062,0.382874976,,Ethiopia,0.012359211,0.001153032,0.240905781,0.002663036,0.957906994
France,1.445084874,0.393590716,33.03014362,1.298271925,9.171370807,0.397977695,0.084474352,17.02312304,1.945872351,12.03285107,0.151973738,0.001521959,0.001609045,0.063880316,1.528965311,0.754420497,0.007722882,0.030920152,,France,0.049277065,0.008251786,0.001779715,0.010727872,0.957906994
Gabon,0.120205619,0.093977415,1.028775427,0.457410924,121.4170349,0.208873614,0.294511871,20.68646295,1.927912052,445.6482895,0.009101551,0.000196475,0.036008469,0.105150858,0.924563885,0.063228099,12.2531295,0.003570477,,Gabon,0.059016503,0.007940572,0.024418521,0.005430036,0.957906994
Germany,1.613841604,0.128021245,21.88467206,1.211479384,6.444850563,0.403635462,0.083155123,24.08716049,1.329600825,11.74387266,0.023517048,0.001669322,0.000401714,0.065420599,1.382259877,0.900401468,0.000983089,0.028771639,,Germany,0.065059654,0.006533,0.001795245,0.009680413,0.957906994
Ghana,0.007281205,0.131751558,0.233555933,1.022373136,92.91675407,0.52227307,0.132435353,1.483303293,0.518284511,207.7910544,0.000313475,0.00012818,0.071940966,0.097392558,0.991338647,0.001988855,4.987719443,0.110288422,,Ghana,0.012915982,0.009795882,0.000614465,0.001544312,0.957906994
Greece,0.94339732,1.426251293,32.88740384,2.014964252,6.395566472,1.43672267,0.271954897,3.300107177,3.413556253,93.71077177,0.106041419,0.00216157,0.042971423,0.268689895,2.801547957,1.018423479,0.048473211,0.088472872,,Greece,0.038677843,0.019660302,0.001480811,0.06152855,0.957906994
Grenada,0.345571014,1.64836676,5.836350483,2.378168852,20.38194047,0.385444684,0.059427584,37.00247425,2.05629187,157.9432599,0.050952881,0.002247086,0.039943972,0.329325925,2.738043711,0.499110215,1.811176959,0.280935654,,Grenada,0.051607067,0.02333772,5.50726E-05,0.002898783,0.427594523
Guinea,0.008037076,0.072501601,2.004056157,0.655461282,71.7723247,0.715093545,0.40228509,4.82939187,0.294108002,9.980053791,0,0.000295973,0.088642592,0.162546357,1.198629894,0.087091584,4.41134382,0.079271992,,Guinea,0.001873723,0.009832872,0.130039636,0.00837819,0.957906994
Guinea-Bissau,0.007531469,0.069638273,2.028809082,0.459388431,20.54763424,2.461604297,0.182678704,3.552136307,0.435776225,8.775083911,0.000492396,0.000176427,0.091092165,0.044346279,0.886589682,0.019565428,0.390421994,0.032746026,,Guinea-Bissau,0.019978009,0.008393056,0.003641003,0.002982512,0.957906994
Hungary,4.853501048,2.187985591,22.83681495,1.002444778,8.312756775,0.997949996,0.015155655,20.51263873,2.588228178,64.63720846,0.009564169,0.003061795,0.003677186,0.128302671,1.462204616,0.587412947,0.103823587,0.086651304,,Hungary,0.074843439,0.007801637,0.000739996,0.006578969,0.957906994
Iceland,5.373481991,1.079800084,24.90856075,1.321788569,10.76361485,0.590949254,0.067768557,16.2579128,2.635694242,14.09023963,0.25744413,0.002693519,0.065897341,0.161623097,1.178446171,1.621513157,1.073839606,0.018488118,,Iceland,0.065050233,0.009171367,0.005326485,0.024425408,0.957906994
India,0.482427473,0.017957072,8.653308185,1.238694778,38.70344203,0.407215942,0.068369629,6.928891693,0.127687355,28.00818937,0.007653481,0.00042449,0.032177785,0.113479398,1.345148382,0.48061445,0.014675738,0.251693798,,India,0.001962682,0.009350717,0,0.02131047,0.52494532
Indonesia,0.019892211,0.797413965,0.539282509,1.268179065,73.2948851,0.650317205,0.103076258,9.870524526,0.216255683,408.213721,0.082971916,0.001910025,0.012401257,0.229717605,0.694010927,0.074941006,0.106772565,0.03500548,,Indonesia,0.000722836,0.006355731,0.00016067,0.010218469,0.659296669
Iran,0.350374826,0.503305373,2.365815889,2.246666772,23.33822175,0.283634092,0.171425157,6.479081408,1.127076115,26.90155923,0.003858861,0.001037238,0,0.278716674,1.864316814,0.544997179,0,0.075757671,,Iran,0.000586555,0.011627937,4.25761E-05,0.049625191,0.085080558
Iraq,0.112387082,2.206447904,6.247394818,1.527771695,49.54496861,0.247793564,0.126787571,8.212213586,0.502752753,27.1766422,0.002031019,0.0015479,0.034519739,0.236402318,1.939604031,0.802959347,0,0.288504452,,Iraq,0.001940379,0.02280685,0.000148233,0.04443505,0.085080558
Ireland,1.1840412,0.247017647,41.15025185,1.138166606,9.731693143,0.590850477,0.084254492,30.26243347,2.278813558,6.957654345,0.02939309,0.001765286,0.061419948,0.231897358,1.477590469,1.260684675,0.002901162,0.096812384,,Ireland,0.110877184,0.015197794,0.001019593,0.070410418,0.957906994
Japan,0.084284383,0.296188689,5.188183128,0.49235118,30.84780563,0.015355145,0.033445744,3.683391622,1.592539754,124.2721454,0.224315787,0.002297572,0.003105986,0.329314187,1.387585355,0.307240083,0.106901428,0.15479187,,Japan,0.024074165,0.008067079,0.00118125,0.024890802,0.166709573
Jordan,0.26132522,0.59781556,5.328077531,0.672170239,13.04770265,0.472785531,0.08647891,21.59769916,1.053902057,17.81665905,0.002129896,0.000718511,0.053581961,0.246058036,1.812159829,0.980100087,0,0.108491749,,Jordan,0.000453244,0.002562715,0.001477849,0.026173251,0.085080558
Kenya,0.365906444,0.811072061,15.72610639,1.744483367,109.9548229,0.346248618,0.104693596,9.834034492,0.484239675,0.726756507,0.001015772,0.000331832,0.116968212,0.124034937,1.304923685,1.573567381,1.129749651,1.022444843,,Kenya,0.026601302,0.030467732,0.007156467,0.088384266,0.957906994
Kuwait,1.012519323,0.716051499,8.116093671,1.181182375,59.7097785,0.513472558,0.200222715,67.6341559,1.459457954,45.73989739,0.034650765,0.003523972,0.048738257,0.325320363,2.772846864,0.86307043,0.017337261,0.393367439,,Kuwait,4.29313E-05,0.051960811,0.001678634,0.068022909,0.085080558
Laos,0.037210931,0.88425156,0.410489058,2.695570979,88.40190623,0.003193107,0.093467721,7.638974316,0.83420534,276.7775237,0,0.000246208,0.03190015,0.497019838,3.54573647,0.013071774,0.194069934,0.15087975,,Laos,0.008633648,0.055511683,0.006643699,0.033254067,0.807661285
Lesotho,0.003773597,0.368488514,6.53010376,0.244100572,35.42063549,0.668547947,0.014722016,7.718116862,0.692394943,21.87203372,0.000469157,6.19204E-05,0.08327706,0.181916915,0.407840196,0.86722315,0.017695599,0.061561663,,Lesotho,0.028856537,0.005618306,0.00808916,0.003924492,0.957906994
Luxembourg,4.970596818,0.35181888,17.59666575,1.611591148,15.34874133,1.124743032,0.127565006,25.05378818,2.587075147,38.21132708,0.238689182,0.003742001,0.078457519,0.431620056,1.669017113,1.538348462,0.111373339,0.041678271,,Luxembourg,0.116662317,0.075313332,0.010254543,0.024764207,0.957906994
Madagascar,0.004053569,0.882284359,4.167992235,0.817608872,67.71475896,0.151914386,0.008368348,6.106620471,0.500643048,46.8380589,0.033702636,0.00013623,0.067091287,0.053465194,0.350568711,0.097032906,1.472857338,0.165302339,,Madagascar,0.004088915,0.024931273,0.175116121,0.000419463,0.957906994
Malawi,0,0.125340703,1.3612134,2.544813097,88.31850798,1.247336417,0.028421152,8.177822883,0.644211227,95.41698609,0,0.000231517,0.097666022,0.080598769,1.417807596,0.772672672,4.10773737,0.343297046,,Malawi,0.014825141,0.009191013,0.046881495,0.009910639,0.957906994
Malaysia,0.387730297,1.294477169,0.673112171,0.785401598,60.04126892,0.124636769,0.046738325,15.24803241,1.223746053,554.1778552,0.146978405,0.002374681,0.00285955,0.400310279,1.091202439,0.744759205,0.015276057,0.049428402,,Malaysia,0.006890755,0.006728832,6.3058E-06,0.027620333,0.659296669
Mali,0.003043778,0.071399016,5.050998551,1.051193883,41.23472829,2.556844834,0.437622753,13.6308328,0.707481144,66.19737982,0.000662533,6.05776E-05,0.171659601,0.091759173,1.76416652,0.334354753,0.346170881,0.16676575,,Mali,0.056979354,0.006205663,0.002856423,0.013804161,0.957906994
Mauritania,0.035917603,0.34486184,14.73809903,0.237392905,45.51937268,0.151661529,0.011645979,9.969541746,0.584590599,15.23213731,0.02031575,0.000424048,0.029840644,0.287448253,0.777393648,0.12839568,0.021013423,0.168138775,,Mauritania,3.22621E-05,0.006615396,0,0.138224511,0.957906994
Mauritius,0.777839633,0.027915338,2.039639005,0.651649633,40.08842257,0.601641772,0.041109249,10.34422346,1.394552393,153.2822325,0.082925897,0.001511472,0.090668179,0.33941041,1.020340855,0.369094914,0.034957929,0.171026134,,Mauritius,0.022413314,0.010122158,0.046573157,0.059612928,0.957906994
Mexico,0.039351799,0.466767313,10.46357288,1.793274257,11.12807474,0.135862937,0.061182442,10.47760658,2.068130016,43.01841055,0.060397713,0.002484519,0.006223602,0.071006579,1.180541163,0.247051277,0.005291067,0.166962727,,Mexico,0.041615178,0.004228067,0.000169874,0.000549697,0.427594523
Mongolia,1.000887892,2.759888345,34.9817795,0.213331583,19.99353161,1.084599868,0.05011277,33.19945446,2.082986653,1.272935433,0.000669535,0.000760778,0.111371272,0.896987027,0.938808898,1.891643287,0.002091156,0.033241633,,Mongolia,0.031293445,0.050825911,0.000252443,0.039002515,0.957906994
Montenegro,0.679350924,0.20237457,50.95272563,2.94484018,8.209889677,1.227722243,0.112930407,15.69728583,2.555103265,103.9420448,0.068759984,0.002284803,0.083011873,0.804015853,2.975920627,0.662994804,0.025162728,0.164035898,,Montenegro,0.117727001,0.014003147,0.002596294,0.00736056,0.957906994
Morocco,0.732541345,0.705992569,5.794203793,1.772327531,87.10444098,10.26585346,0.238482325,6.144425038,1.581504625,26.24847632,0.020025335,0.001923433,0.087910451,0.254633559,1.886280844,2.050893019,0.037861057,0.483017873,,Morocco,0.003296536,0.067671106,0.176055671,0.077117228,0.957906994
Mozambique,0.008254721,1.115795381,0.933347165,0.638133509,92.26003623,1.838526588,0.05910475,2.266917855,0.288824499,112.7865173,0.012323782,0.000409361,0.128517676,0.103712849,0.561927402,0.148008659,0.910751798,0.285061032,,Mozambique,0.008456031,0.005577087,0.005651041,0.04556304,0.957906994
Myanmar,0.483356371,0.589006588,3.529930706,0.595517738,164.8063433,0.071895152,0.666703363,22.06125892,2.131496841,349.6173906,0.00214147,0.002116909,0.014937652,0.297345172,1.37664142,0.393387587,1.663486156,0.881024064,,Myanmar,0.004518464,0.062383856,0.00037985,0.103280185,0.807661285
Namibia,0.291007169,0.84422268,10.34949629,0.579360244,85.65343657,0.861935203,0.035904165,22.59560848,1.172096787,155.6817417,0.056306265,0.000245296,0.133949563,0.310972156,2.640528086,0.707279322,0.046063845,0.521918833,,Namibia,0.124332269,0.04506716,0.101706265,0.016978587,0.957906994
Netherlands,0.770325644,0.05957468,34.48595575,1.506009613,4.417487605,0.683211586,0.059783553,10.8568533,1.53732653,18.06790613,0.075779978,0.002276501,0.050038762,0.315397818,1.014714011,1.094956491,0.056368495,0.052160405,,Netherlands,0.052991816,0.008685826,0.001997271,0.016702362,0.957906994
Niger,0.326444049,1.042818187,6.624342139,0.431491424,124.5208764,0.132877905,0.525764909,1.695860056,0.215422693,21.19264815,0,5.51463E-05,0.134129771,0.034982945,1.532802146,0.143358491,0.310588856,1.413023121,,Niger,0.000423736,0.012214762,0.009883506,0.013500397,0.957906994
Nigeria,0.029415158,0.503668317,0.172973951,0.364805053,55.51915004,1.547728144,0.251622727,1.560939911,0.267374094,258.5485204,0.008975821,0.000646108,0.094567966,0.090326975,1.529755487,0.077147128,10.51231479,0.47994727,,Nigeria,0.009934519,0.021283812,0.004661892,0.000411186,0.957906994
Norway,3.406060232,4.812062931,21.0389542,1.263606296,5.346954945,1.28092761,0.063018327,12.95354612,2.260536253,7.753957377,0.18873017,0.002704284,0.072136825,0.318090335,1.125197714,0.842416034,0.037128619,0.367622652,,Norway,0.047107326,0.005266019,0.002801502,0.010887982,0.957906994
Pakistan,0.921363527,0.552403103,13.42815455,0.666755628,14.24574563,0.733279678,0.055746742,9.811649291,0.648520793,5.053422974,0.001291327,0.000463319,0.021617173,0.172473122,0.422965288,0.795442833,0.001052918,0.084543342,,Pakistan,0.000190448,0.000529476,0,0.032207375,0.52494532
Paraguay,0,2.376831833,8.954067307,1.264608306,37.41770888,3.031550436,0.097656352,12.83454655,1.705788275,7.031510115,0.003257981,0.00405498,0.003768079,0.224431079,0.784837172,0.270809777,0.455078035,0.612314136,,Paraguay,0.112226192,0.019546647,0.000541429,0.690613673,0.116541382
Peru,0.085519023,0.062515143,6.34826829,1.911604957,31.89888935,0.589318257,0.065413931,17.79569882,1.668177834,40.06588029,0.07280051,0.001319491,0.004429228,0.194159519,1.189834145,2.632005644,0.103131666,0.161717696,,Peru,0.045028607,0.003411597,0.001466361,0.003340761,0.116541382
Philippines,0.008248472,0.088728883,0.106433816,1.095369852,64.44098445,0.165265841,0.041576732,15.85790168,0.64583944,331.918518,0.040598814,0.000580132,0.017186618,0.185172702,0.970842335,0.047335568,0.519766492,0.021225379,,Philippines,0.011294121,0.010980702,0.002026179,0.001307162,0.659296669
Portugal,0.556050434,0.036534878,16.51987195,1.994067581,11.08417399,0.335508518,0.077077703,10.318964,3.080015288,10.90886544,0.18973408,0.001349163,0.002280053,0.130052138,1.673714932,0.941557461,0.008667657,0.058639214,,Portugal,0.065314246,0.002829533,0.001638806,0.00843339,0.957906994
Romania,0.184104648,0.09567519,30.28969736,1.748965981,12.40607113,0.055829712,0.064382944,17.55268633,1.735323569,50.9682611,0.013978368,0.001810128,0.094184603,0.104534064,3.279239308,1.610019345,0.058146826,0.044100373,,Romania,0.079932183,0.004677328,0.000939864,0.003142007,0.957906994
Russia,2.001512109,2.165396433,18.66238896,0.991419145,7.762973118,1.681519845,0.042070513,11.2515651,2.500241906,22.96919006,0.033716393,0.003721109,0.072819834,0.191267936,1.596187286,1.65687679,0,0.060781498,,Russia,0.050111379,0.020372625,0.000448205,0.041983159,0.957906994
Rwanda,0.025317359,0.304347932,1.68853572,1.794436511,37.5664128,0.448345307,0.021161351,4.43750947,0.26097139,35.37831514,0,5.15883E-05,0.113639743,0.100929949,0.85566506,1.902566889,2.176616621,0.617413161,,Rwanda,0.014340129,0.002446487,0.05874899,0,0.957906994
Saint Lucia,0.55456347,0.265867517,6.123740243,1.57227236,18.11211046,1.388849384,0.116833434,45.0679707,4.20375443,179.5278777,0.201224032,0.000856593,0.03763497,0.296731196,0.733137456,0.561078177,0.863630316,0.390489858,,Saint Lucia,0.104414708,0.025780556,0.000192784,0.005049502,0.427594523
Saudi Arabia,1.695446628,2.356820883,8.767066655,1.882383161,52.29989592,0.54831436,0.118807866,28.5418661,0.911724266,75.99013184,0.024355106,0.001765592,0.042884212,0.26936739,1.695839,0.764582291,0.247532305,0.375776013,,Saudi Arabia,0,0.001746263,0.001412577,0.048325684,0.085080558
Senegal,0.021862272,0.231156897,1.344918691,0.286090554,52.50994374,0.086123055,0.157457328,19.94865551,0.543135445,110.522926,0.012880277,0.000273989,0.078765028,0.11206538,1.950935277,0.120753688,0.139248865,0.085023001,,Senegal,0.002260058,0.018279372,0.13832226,0.010790111,0.957906994
Serbia,0.077250054,1.73069114,25.38547558,2.222598115,10.18349125,0.694747172,0.11340991,15.44479817,2.25004596,8.878157606,0.005274022,0.001833536,0.054723354,0.266559758,1.294497636,0.876307355,0,0.079966586,,Serbia,0.076927879,0.027709271,0.002036528,0,0.957906994
Slovakia,0.986377974,0.61808291,22.92084485,0.834474199,4.548861596,0.718880247,0.072227813,23.38533701,0.984690367,12.54372684,0.0025121,0.001914859,0.070607689,0.162904911,1.010778275,0.851173821,0.047418939,0.028427292,,Slovakia,0.063365811,0.014612398,0.001069712,0.006057278,0.957906994
Slovenia,5.09342127,1.1209211,21.88527268,2.129676769,19.54780319,1.604726799,0.112141495,21.05411145,2.196040362,13.19856508,0.069201035,0.00212218,0.071404151,0.154906417,1.471009356,1.806173226,0.013638305,0.082409768,,Slovenia,0.058535215,0.003015056,0.00275617,0.0053316,0.957906994
South Africa,0.101815434,0.041110865,5.438251747,0.371390079,18.4103754,8.876460007,0.022388556,43.44639396,1.998246865,6.001128874,0.007574727,0.000748844,0.188449947,0.257112933,0.598550691,1.886095357,0.021146818,0.024935221,,South Africa,0.049204218,0.006545172,0.191858424,0.010674707,0.957906994
South Korea,0.307395146,0.004451706,1.164151369,0.780987562,32.04741768,0.040236272,0.118994644,1.627142209,2.901029621,142.4938338,0.295367582,0.001529149,0.056213869,0.342422553,3.000350791,0.17957063,0.068118115,0.097667705,,South Korea,0.045990541,0.001083701,0.000623992,0.001760848,0.957906994
Spain,0.833726863,0.163945141,23.80418419,1.666573953,21.41916288,0.344504301,0.252826628,29.77477545,3.554414476,11.38042888,0.296679766,0.00318145,0.03164306,0.065574767,1.859262118,1.047838022,0.048090062,0.193949753,,Spain,0.076408503,0.029224198,0.001356188,0.004970513,0.957906994
Sri Lanka,0.056572114,0.158350472,2.01938122,1.26852329,86.92531291,0.084396884,0.22456869,0.890706976,0.390662301,190.5400273,0.029547159,0.000685041,0.023368519,0.221584609,0.873227402,0.235141402,2.353350146,0.196082385,,Sri Lanka,0.006648836,0.013919826,0.000346705,0.01345166,0.52494532
Sweden,2.050923561,0.737539804,20.92839804,0.918566727,7.526088845,0.803191063,0.058825458,12.02170508,1.847155032,26.10902465,0.134192915,0.001877406,0.081661358,0.095522441,1.289726572,0.81194628,0.006612408,0.03332625,,Sweden,0.050650915,0.007302917,0.002970773,0.010583599,0.957906994
Switzerland,0.700565134,0.305151398,38.14457481,1.374439451,5.609984633,0.607997168,0.295592088,12.97123333,2.362610408,87.10125433,0.075283075,0.001433131,0.066509375,0.182320953,1.518854858,0.8032352,0.02309982,0.041009521,,Switzerland,0.053397803,0.008665072,0.002465198,0.007222578,0.957906994
Syria,0.334917449,2.734505953,18.07884447,2.105218709,19.27133991,0.257614273,0.54148726,13.58758653,0.852270866,11.43214275,0,0.001276859,0.051387797,0.348617145,2.109534736,1.314692672,0.005035982,0.604488015,,Syria,0.000524555,0.02620796,0.000921664,0.04693826,0.085080558
Tanzania,0.353272983,0.253812015,3.479146185,1.15498559,56.33111119,0.677151303,0.181683271,5.378699253,0.348814088,46.86756471,0.001341748,0.000138026,0.085039745,0.071706002,0.876073118,0.662660846,1.07967109,0.382328288,,Tanzania,0.038733745,0.004468222,0,0.004290697,0.957906994
Thailand,0.129727802,1.316340788,2.629495468,2.399844048,141.4322349,0.089172944,0.092991764,13.37370469,1.354934386,558.1620125,0.244306018,0.002691553,0.07809153,0.366627097,0.925443577,0.164616997,0.011987056,0.146497222,,Thailand,0.043977434,0.018261997,0.000389687,0.037564384,0.085080558
The Gambia,0.061189313,0.827469235,3.192586706,0.082643785,68.80497064,0.139536142,0.33252483,2.348311858,0.438069352,154.8921616,0.01271413,0.000210846,0.078122799,0.726994739,0.302343929,0.103324507,0.002062811,0.01506961,,The Gambia,0.006178679,0.002552147,0.020242017,0.087180765,0.957906994
Togo,0.020812423,0.196907289,0.340533348,0.174561836,128.9791298,1.069782481,0.34572806,2.435332905,0.694433983,184.7998628,0.000340292,0.000277361,0.116885429,0.151957706,0.419584704,0.021077683,5.825883923,0.725305585,,Togo,0.007910774,0.055365261,0.159246002,0.001269573,0.957906994
Trinidad and Tobago,0.191072868,0.154908114,5.760687388,0.852732064,11.53988559,0.592889004,0.09656508,39.49462889,2.425504768,66.2675251,0.046129762,0.000746377,0.028888567,0.426472423,0.737428699,1.47572697,0.081114917,0.153596361,,Trinidad and Tobago,0.0235339,0.014946144,0.000588023,0.008378756,0.427594523
Tunisia,0.606959995,0.177943655,11.21765914,1.373800359,152.3776649,0.460108999,0.131803309,8.786572212,0.596327273,165.4898056,0.012995646,0.001785771,0.099832416,0.180217118,4.232416446,1.49109655,0.002133456,0.162042918,,Tunisia,0.008544588,0.029150413,0.240232343,0.027373303,0.957906994
Turkey,0.449873964,0.200688092,27.46702638,2.09125965,27.29255178,0.07456878,0.284490864,2.158499398,1.865888743,2.905921139,0.016954833,0.001555532,0.017428266,0.094192446,3.612019651,1.248374452,0,0.276191935,,Turkey,0.009938655,0.017450185,0.000337443,0.130552024,0.957906994
Uganda,0.035924491,0.091483755,4.387988462,0.049117471,45.46141507,0.120102733,0.111732465,1.577721216,0.291427805,77.71963728,0,9.95923E-05,0.070845174,0.18415596,0.49048057,0.070620354,3.964483985,0.257220424,,Uganda,0.044376279,0.015551669,0.045521071,0,0.957906994
Ukraine,0.451506015,4.131061923,20.65553616,1.094460962,8.791627013,1.728005571,0.164515863,32.32909443,1.442216699,137.3298898,0.035560319,0.003883097,0.07105569,0.181283967,2.685660282,5.108318459,0,0.099917069,,Ukraine,0.036799179,0.054197499,0.000774174,0.0148988,0.957906994
United Kingdom,0.877802959,2.585611593,24.88191813,1.214745382,8.885566096,0.558363296,0.065707406,19.81685115,1.787260106,3.811199924,0.071136521,0.002530467,0.029018955,0.289660691,1.204878763,1.243890419,0.040277613,0.056544754,,United Kingdom,0.05937416,0.006081389,0.000800271,0.067169496,0.957906994
United States,0.276450182,0.161788718,25.35682404,1.565309079,8.274272415,0.232915711,0.134300706,25.05116077,2.621487023,17.70750639,0.150900425,0.00373411,0.088106446,0.328851651,1.668555415,0.768204352,0.064756694,0.058261276,,United States,0.05484897,0.012358667,0.001260613,0.010864826,0.957906994
Uruguay,0.868290128,2.01889617,40.69103838,1.314053794,32.49977029,0.937849637,0.073840648,25.64140725,1.723030254,14.82906762,0.041724983,0.002635574,0.00488021,0.373331723,0.935649883,1.490670728,1.344091365,0.204591821,,Uruguay,0.049827583,0.010497285,0.000591531,0.398847167,0.116541382
Venezuela,0.056886243,0.513970475,19.32776086,1.423699846,41.63602146,0.3712101,0.004594222,25.38523029,1.136151648,15.56964585,0.052624833,0.00119942,0.036811911,0.2537025,0.96000166,0.737496943,1.719028308,0.3275038,,Venezuela,0.026392218,0.041503445,0.001619398,0.000425236,0.116541382
Vietnam,0.073601083,0.381429404,1.01139161,1.381787292,95.88655049,0.182365946,0.643311557,19.46995777,2.706279898,420.601102,0.222170612,0.000688303,0.008500686,0.069422551,2.609262007,0.221475004,0.104946978,0.172843737,,Vietnam,0.021776219,0.009898199,0,0.028789338,0.807661285
Zambia,0.01177258,0.389136668,0.787156481,0.108040581,54.05371631,1.339220426,0.118212814,6.847792172,0.324601803,92.72060226,0.000149318,0.000387051,0.112433278,0.091271475,0.356532163,0.028290564,0.155315609,0.070112553,,Zambia,0.024945208,0.011937223,0.00661303,0.003018597,0.957906994
Zimbabwe,0.112502147,0.674340692,5.344077238,0.295170096,102.7050525,0.285701165,0.188748634,42.90891807,1.233832472,24.89887154,0,0.000328407,0.082813593,0.275232026,0.247380174,0.034010333,0.167068155,0.201022331,,Zimbabwe,0.023079844,0.029137639,0.013843912,0,0.957906994
,,,,,,,,,,,,,,,,,,,,,,,,,
Figure S6c,,,,,,,,,,,,,,,,,,,,,,,,,
2018 (LB),Cheese,Yoghurt,Total Milk,Fruits,Refined Grains,Whole Grains,Nuts And Seeds,Total Processed Meats,Unprocessed Red Meats,Fish,Shellfish,Eggs,Total Salt,Added Sugars,Non-Starchy Vegetables,Potatoes,Other Starchy Vegetables,Beans And Legumes,,2018,Sugar-sweetened Beverages,Fruit Juices,Coffee,Tea,Water
Albania,0.125445668,0.150504962,25.86597333,2.0252163,7.744678384,0.033756592,0.016479396,2.741573774,0.613749457,24.87776546,0.022575504,0.001358487,0.077788645,0.057221701,3.488665977,0.215586359,0,0.055531022,,Albania,0.009344627,0.008366706,0.000438984,0.000441171,0.957906994
Algeria,0.01248897,0.008259562,4.464286564,1.320498801,14.22524328,0.210162854,0.006891201,2.204303532,0.300498652,11.12082621,0.001054692,0.00038288,0.051404432,0.034743715,2.502533683,0.305839554,0,0.026107576,,Algeria,0.001068888,0.00191648,0.066148326,0.005281524,0.957906994
Angola,0.023753026,0.075252481,0.553309037,0.749908928,60.50571724,0.077263379,0.013552135,1.66327771,0.372353938,71.06210471,0.001227197,6.23977E-06,0.057750423,0.085900515,0.429772244,0.054423864,0.359929437,0.091303815,,Angola,0.014936063,0.010315622,0.02179044,0.000294114,0.957906994
Antigua and Barbuda,0.096364542,0.025706489,2.308517598,1.22986986,2.407362264,0.017701116,0.006543621,4.214945439,0.886353239,46.04465931,0.092711935,0.000177394,0.033773215,0.138838621,0.708630011,0.049511924,0.030456999,0.010118986,,Antigua and Barbuda,0.017138685,0.002092538,8.1985E-05,0.016997598,0.427594523
Argentina,0.062818142,0.213802471,12.6905979,0.949067354,7.992740807,0.063260621,0.004357032,8.574048092,2.826201774,9.84972149,0.028835367,0.001473165,0.003130561,0.192849531,0.840404523,0.408824032,0.068850942,0.028970817,,Argentina,0.031342055,0.000887021,0.000177125,0.131059817,0.116541382
Australia,0.136009214,0.092790528,17.87388091,0.807021399,2.206807793,0.360038772,0.082916371,9.868774653,2.738875487,9.097623458,0.099502423,0.000461333,0.002142253,0.101222422,1.051562634,0.206173339,0.007126474,0.02095247,,Australia,0.046045948,0.006408794,0.000485297,0.007495993,0.957906994
Austria,0.407166348,0.126013903,15.28867528,1.151083251,2.610657491,0.688840371,0.086645336,6.962301001,1.65434725,8.01417796,0.026635405,0.000825467,0.076284462,0.045674464,1.0868094,0.671982822,0.000871794,0.027898659,,Austria,0.053720216,0.001398654,0.001532717,0.004935918,0.957906994
Bangladesh,0.011922592,0.01584603,1.555761727,0.378914582,68.35021177,0.011364519,0.010662403,0.059679384,0.139149276,77.66561929,0.016199227,0.000345305,0.032266391,0.00497458,0.474375292,0.554093637,0.026447746,0.09003577,,Bangladesh,1.04788E-05,0.006917303,1.6804E-07,0.010601927,0.52494532
Barbados,0.068267596,0.032750819,1.594390421,0.837456228,2.780990236,0.268626571,0.036992412,3.662612985,1.574983296,44.82376135,0.018801939,0.000502201,0.032656799,0.191951049,0.817231327,0.150301928,0.028957566,0.052337717,,Barbados,0.016463472,0.001263253,0.000152611,0.015186102,0.427594523
Belgium,1.724007472,0.098237456,14.69047941,1.488461677,3.726611656,0.622348867,0.032669398,8.391086285,1.278561915,14.19597612,0.043369907,0.000577089,0.066945319,0.04239405,1.343714813,1.009131287,0.003658426,0.026024468,,Belgium,0.054686543,0.001000129,0.001023083,0.004635909,0.957906994
Benin,0.002731224,0.035201989,0.899463492,0.563169725,41.9483811,0.149694209,0.107811215,3.217809341,0.211955959,79.01575373,0.005478321,8.89216E-05,0.06607368,0.043195574,0.661658225,0.003055812,1.532244677,0.106091739,,Benin,0.03860213,0.005990969,0.001983762,0,0.957906994
Bolivia,0.012305631,0.021526583,3.693886676,0.799396606,14.64034347,0.02510105,0.031054729,0.903009971,2.319525271,1.547210731,0.000228489,0.000704195,0.004050969,0.146723903,0.499025479,0.304508789,0.349995682,0.050362782,,Bolivia,0.015994804,0.00226887,0.000209612,0.003105306,0.116541382
Bosnia and Herzegovina,0.049104358,0.133481845,12.48971008,1.392328921,2.687997866,0.105584972,0.010172726,2.067679942,0.820239408,12.97324307,0.001784691,0.000309842,0.068160614,0.013403489,3.252527706,0.379086077,0.000231651,0.025822636,,Bosnia and Herzegovina,0.016221659,0.000752343,0.00075875,0.000440127,0.957906994
Brazil,0.049139687,0.060934284,12.20948874,1.564106994,15.18740096,0.035114159,0.033837494,13.03012253,2.065770573,13.34422034,0.008869984,0.001100579,0.047420354,0.186367163,0.644583067,0.203846528,0.01649165,0.156288504,,Brazil,0.031110181,0.023450601,0.001359094,0.045238572,0.116541382
Bulgaria,0.080758651,2.067724448,11.61573884,0.649218415,3.683799549,0.393085882,0.035403546,7.295928517,1.25363232,24.76305288,0.007691091,0.000638669,0.002559434,0.032504386,1.175497053,0.26006088,0.007983412,0.021198932,,Bulgaria,0.033006768,0.002934636,0.000407392,0.002213101,0.957906994
Burkina Faso,0.002241036,0.048567891,0.8951924,0.043502648,9.405361612,0.151855018,0.062023678,0.321048139,0.282067639,23.36598942,6.02663E-05,0.000121708,0.044961828,0.023365128,0.146423342,0.005269939,0.016162864,0.067271868,,Burkina Faso,0.062992376,0.002307863,0.007000043,0.003663275,0.957906994
Cambodia,0.020224747,0.210476455,0.277456879,0.319725039,67.78422634,0.015432873,0.024853555,0.326135011,0.323353649,175.9492754,0.031881394,0.000110341,0.030812767,0.095871172,0.500289297,0.000268938,0.026876742,0.114310893,,Cambodia,0.012594435,0.012936062,2.50993E-05,0.000874007,0.807661285
Cameroon,0.000719536,0.869305482,0.716900499,0.779247744,24.07800179,0.549055647,0.152494485,1.546888139,0.245568262,85.38116354,0.018579075,3.08904E-05,0.076569713,0.032673976,1.736074705,0.074624242,0.229232318,0.209483173,,Cameroon,0.032252799,0.003484412,0.023785627,0.007726515,0.957906994
Canada,0.878739543,0.048748524,14.85192598,1.191785052,5.990138512,0.397588289,0.089289582,12.73701405,1.866136072,13.22069607,0.094659843,0.001431967,0.026108349,0.148942822,1.303331622,0.971823735,0.02169009,0.146378311,,Canada,0.037225026,0.006290921,0.001765638,0.010619327,0.957906994
Central African Republic,0.000274212,0.025178696,1.213638469,0.517376552,8.029750524,1.009131939,0.160892129,5.134444673,0.808236068,37.34397656,0.000113713,2.42517E-05,0.06809105,0.021650688,0.55594815,0.000579389,0.291446173,0.09154467,,Central African Republic,0.006769479,0.001312874,0.04474854,0,0.957906994
Chad,0.002690331,0.026973665,1.744450499,0.095243053,18.06882301,0.367208531,0.215532469,2.751308707,1.306208311,36.54529861,0,2.34301E-05,0.061482777,0.020523174,0.094105538,0.025028847,0.38512557,0.107328353,,Chad,0.002252162,0.004643844,0,0.000680623,0.957906994
China,0.005934321,0.139060241,1.830724356,1.200945224,14.3980426,0.016242756,0.101171799,0.984524492,1.859676124,175.1385597,0.17466728,0.001126579,0.016169895,0.004909651,4.810854174,0.180708962,0.070316046,0.069061595,,China,0.015865121,0.000621024,6.55798E-06,0.017168693,0.166709573
Colombia,0.033599291,0.034733093,9.783774168,1.158167198,16.69953945,0.019312555,0.003316679,8.851945747,1.128692069,4.138909957,0.003340178,0.001302218,0.002135892,0.252949336,0.797691815,0.241344559,0.407879562,0.098767865,,Colombia,0.020906185,0.004219064,0.000140463,0.000659328,0.116541382
Congo,0.004392534,0.027208531,0.099511887,0.429006693,70.9778934,0.254175236,0.030057822,1.352491822,1.13704287,154.6477111,0.001328105,3.40575E-05,0.053619844,0.008797696,0.502085317,0.015555388,0.191290162,0.033448708,,Congo,0.020688706,0.002349439,0.002553421,0.000883494,0.957906994
Cote d'Ivoire,0.001172545,0.003152725,0.093648109,0.116860026,36.41917012,0.125018101,0.05465488,0.144171836,0.411593217,111.6565303,0.001034773,9.97247E-05,0.106392395,0.033900278,0.48274073,0.007893206,0.829786882,0.01939621,,Cote d'Ivoire,0.009311323,0.005110159,0.003365557,0.001196586,0.957906994
Croatia,0.042253178,0.023629699,13.19987985,0.950429364,1.757972519,0.080093687,0.020495424,7.436815003,1.878760623,44.72800058,0.035378662,0.000418692,1.649424457,0.050765166,4.132586961,0.177652944,0.001184832,0.004128647,,Croatia,0.04337863,0.002101722,0.000523484,0.001612099,0.957906994
Cuba,0.005910136,0.058956145,4.401650899,0.770151503,10.14122594,0.03894792,0.001067459,1.080653769,1.407543451,5.750465383,0.004087642,0.000571017,0.030996188,0.160195052,1.063393984,0.051872285,0.289091355,0.072132185,,Cuba,0.008032733,0.002093937,0.000103934,0,0.427594523
Denmark,0.289231682,0.028680803,12.60607994,0.704842316,1.79001125,0.87435223,0.033830523,3.370898873,1.593667155,7.511787409,0.048540159,0.000888945,0.070428889,0.06048552,1.243245316,0.651452123,6.1034E-05,0.003178067,,Denmark,0.043715919,0.001435001,0.001446614,0.011350818,0.957906994
Djibouti,0.013585567,0.036646829,1.725117821,0.337126855,17.97365287,0.398867181,0.004515758,1.052607615,0.431444602,20.09975647,0.001006952,0.000199979,0.057082876,0.101034784,0.96941495,0.156824009,0,0.126238682,,Djibouti,0.00108704,0.001399024,0.007838118,0.011669077,0.957906994
Dominica,0.001978418,0.109393206,3.473441351,4.27668614,1.787395243,0.017320146,0.003736317,1.699179398,1.196156052,31.13884358,0.003989628,0.000205991,0.033774931,0.18709213,1.634533063,0.043297412,0.270275464,0.016843885,,Dominica,0.009345693,0.000520863,0.000304264,0.004267275,0.427594523
Dominican Republic,0.044663832,0.238865436,7.451173298,3.494854099,20.47194857,0.004892077,0.001910275,1.982406853,1.103369693,16.08120798,0.010872411,0.001012682,0.028805922,0.112634188,1.224364931,0.042921794,0.883016036,0.117377235,,Dominican Republic,0.011634661,0.005635204,0.000344566,0.001319089,0.427594523
Egypt,0.111519777,0.0313346,2.744004738,1.670646349,35.42387167,0.197944964,0.005965315,1.066909624,0.762418501,274.9493353,0.005990204,0.000301255,0.048148837,0.047642652,2.020145424,0.134371089,0.034656551,0.057656702,,Egypt,0.000538127,0.006303694,0.006220081,0.011829738,0.957906994
Ethiopia,0.012508284,0.188658758,2.40565757,0.106758266,33.4220782,0.030543183,0.017608226,0.121184733,0.237285766,1.315553324,0,3.45066E-05,0.12410236,0.042164913,0.710541558,0.075964256,0.159144422,0.266867815,,Ethiopia,0.008691852,0.000803675,0.172938345,0.002228501,0.957906994
France,1.165026316,0.2795749,10.07431645,1.017864851,6.271047498,0.312307956,0.059047897,13.29034001,1.564355263,9.37553285,0.118412068,0.001136087,0.001606823,0.023285348,1.260383384,0.614849272,0.004558922,0.021271735,,France,0.037986138,0.005676874,0.00108354,0.003853929,0.957906994
Gabon,0.007186063,0.006166954,0.499039973,0.302439912,14.91221541,0.114442231,0.118410292,8.837314112,1.065054458,79.65113683,0.001626729,5.63109E-05,0.025524337,0.053622209,0.646565008,0.005292913,0.575642297,0.001379577,,Gabon,0.032698578,0.003068115,0.00304755,0.001898263,0.957906994
Germany,1.174045913,0.086694923,13.76001582,0.966397208,4.755247761,0.318921561,0.059651265,17.98228467,1.095121785,9.215980489,0.018454957,0.001281542,0.000400382,0.032047044,1.14958713,0.736891857,0.000699457,0.021429698,,Germany,0.049960473,0.00486591,0.001421396,0.008387361,0.957906994
Ghana,0.005699932,0.087416451,0.181219028,0.813515301,66.79092764,0.421275918,0.101770922,1.168262855,0.423911603,162.2781997,0.000244814,9.54009E-05,0.06462213,0.033772686,0.832413837,0.001625751,3.549594963,0.078333441,,Ghana,0.010282738,0.006957622,0.000582881,0.00138513,0.957906994
Greece,0.07342246,0.096772509,18.22850932,1.452533859,2.266765005,0.682206472,0.163338378,1.893008451,2.086496726,54.31690147,0.061464026,0.000555628,0.042113862,0.076225676,2.086672632,0.580622458,0.002095398,0.049305859,,Greece,0.026643623,0.010956671,0.000725426,0.021989596,0.957906994
Grenada,0.021628151,0.115461956,1.498818629,1.112121278,2.675414341,0.015964098,0.003348625,1.466451419,1.158070501,29.29539904,0.009450767,0.000594431,0.031952125,0.105344657,1.380704164,0.043103067,0.09046882,0.015863935,,Grenada,0.007880691,0.001317839,6.72691E-06,0.001031918,0.427594523
Guinea,0.005090633,0.038315944,1.166210422,0.466849644,38.28512927,0.453501185,0.026323333,2.967019392,0.161982449,5.769106492,0,0.00018069,0.061819378,0.022734779,0.883073656,0.056653561,0.195796604,0.039739387,,Guinea,0.0012594,0.004929261,0.086831232,0.005984387,0.957906994
Guinea-Bissau,0.003818101,0.040825345,1.553064451,0.366699062,14.73183531,0.094699343,0.021357954,2.047201973,0.353738821,6.162394749,0.000345791,0.000131846,0.071296863,0.024238978,0.710407518,0.001646107,0.285598475,0.023950911,,Guinea-Bissau,0.010812255,0.006138801,0.000430491,0.002417535,0.957906994
Hungary,0.32237724,0.147151825,11.56181121,0.740388309,2.843441455,0.569590155,0.007521658,10.10816992,1.491409924,16.00898748,0.002368801,0.000783033,0.003628595,0.02796715,1.151381021,0.385408489,0.00482264,0.008907312,,Hungary,0.045546929,0.000801969,0.000303838,0.00234208,0.957906994
Iceland,0.428501642,0.06576482,17.04049756,0.951010068,1.184075729,0.415144377,0.036096896,9.622755961,1.987159009,10.34663982,0.189044456,0.000653172,0.065189838,0.115133315,0.903686848,0.150371947,0.044983397,0.01087643,,Iceland,0.044314911,0.005395451,0.000887783,0.008402123,0.957906994
India,0.263723606,0.009472597,6.694566614,1.001442491,26.66059458,0.242298107,0.036440922,0.108295641,0.099600048,20.81212589,0.005687094,0.000314194,0.031494445,0.038404555,1.148808078,0.275979767,0.009596283,0.187333428,,India,0.00064383,0.006959654,0,0.017416765,0.52494532
Indonesia,0.007114166,0.423525495,0.424069769,1.040185743,55.97441741,0.0267503,0.066584705,0.681750738,0.170234586,313.1769444,0.063655114,0.001478002,0.011828698,0.051289351,0.580313179,0.051655205,0.078741942,0.026109533,,Indonesia,0.000383016,0.004740548,0.000105041,0.008862357,0.659296669
Iran,0.244820126,0.35434704,1.69809207,1.841869632,16.59233379,0.183748742,0.120225091,3.23232343,0.855132047,19.7734281,0.002836375,0.000809315,0,0.07212807,1.532844064,0.362861133,0,0.054368739,,Iran,0.000414245,0.00834498,3.22557E-05,0.042879231,0.085080558
Iraq,0.007393434,0.14004131,1.456617664,0.711009491,7.404765484,0.007844624,0.00695415,0.463044757,0.238610801,4.782897733,0.000357445,0.000660632,0.033706732,0.038016507,1.021437029,0.067209738,0,0.014357693,,Iraq,0.000829587,0.001135004,1.83757E-05,0.014893739,0.085080558
Ireland,0.127736252,0.017199423,22.57495321,0.748614704,3.478447946,0.289587525,0.020258457,11.51103494,1.011555428,2.890716094,0.012212029,0.000461922,0.060579001,0.082856369,1.05558785,0.71373166,0.000128337,0.01877176,,Ireland,0.071765377,0.002946827,0.000498336,0.02557227,0.957906994
Japan,0.050705075,0.164092956,4.463311455,0.440894221,23.29395452,0.008567812,0.028663797,2.536797918,1.452117628,104.0453573,0.187805691,0.002097689,0.003092851,0.031071004,1.278889814,0.213352202,0.041154213,0.110980261,,Japan,0.0165318,0.005783808,0.000764957,0.017596836,0.166709573
Jordan,0.014282868,0.327951623,3.822028939,0.517746352,8.940919335,0.015015703,0.043682423,1.061837257,0.803052212,12.60257368,0.001506577,0.000529189,0.053308139,0.122470137,1.412531419,0.078492133,0,0.073694962,,Jordan,0.000260768,0.00174077,0.000587288,0.008521696,0.085080558
Kenya,0.021951933,0.053556542,3.908464404,0.575124175,13.29169501,0.014521837,0.005681637,0.616265719,0.31058718,0.132620264,0.00018536,8.5252E-05,0.037514131,0.056056141,0.385045627,0.131575397,0.053619943,0.056122358,,Kenya,0.004034489,0.001672385,0.000873031,0.030863487,0.957906994
Kuwait,0.053162934,0.039497103,1.834294263,0.816299457,6.274437376,0.013994117,0.01075903,2.766050828,0.942304816,28.81377061,0.021828191,0.000815594,0.045615902,0.084184102,2.042957501,0.150390136,0.000611879,0.016326468,,Kuwait,1.86316E-05,0.002156601,0.000198407,0.02129384,0.085080558
Laos,0.001757393,0.305852004,0.219812375,2.054846272,62.56578299,0.001182,0.058282688,2.886692256,0.58746907,201.676364,0,0.000160692,0.031835782,0.036966124,2.843922041,0.00322458,0.089198977,0.007898768,,Laos,0.004884477,0.002906115,0.002093486,0.011941225,0.807661285
Lesotho,0.002745236,0.249537359,4.105811173,0.194719047,26.13464749,0.528234943,0.010560827,5.761964951,0.570289046,17.16403455,0.00036817,4.75364E-05,0.075518298,0.089114125,0.339189358,0.7097386,0.012590232,0.045852371,,Lesotho,0.022159452,0.004184628,0.00640464,0.003400282,0.957906994
Luxembourg,0.45979677,0.022127144,5.260982553,0.920741897,2.223045923,0.04872594,0.015113352,8.65908293,0.821608547,11.11476049,0.06942897,0.00091826,0.074822076,0.167631845,1.035678625,0.149493157,0.004461407,0.003747256,,Luxembourg,0.065726539,0.006771355,0.002678293,0.00859238,0.957906994
Madagascar,0.000278643,0.055353634,1.018724629,0.55848287,26.08878326,0.09969264,0.004168231,0.387179727,0.29388024,8.389004776,0.006036364,3.35874E-05,0.05268534,0.023271318,0.254659064,0.066610178,0.058745272,0.008338156,,Madagascar,0.002751709,0.00125758,0.105472939,0.000145523,0.957906994
Malawi,0,0.008504486,0.754480082,1.834487726,31.3025131,0.592279215,0.017069981,4.690965171,0.393766651,55.30586221,0,5.95112E-05,0.053185426,0.022865377,1.056023439,0.440515282,0.177569097,0.191319165,,Malawi,0.010212448,0.005122144,0.02296651,0.003541948,0.957906994
Malaysia,0.018990952,0.07992032,0.385856854,0.613537183,20.05808029,0.004634739,0.026193028,8.070595662,0.847270517,369.6548638,0.098039432,0.001624542,0.002801681,0.137071751,0.889210129,0.05929215,0.009316728,0.033965448,,Malaysia,0.003989099,0.004623815,4.44341E-06,0.023280135,0.659296669
Mali,0.001514028,0.026517386,3.840674602,0.828355884,29.71661694,0.08452134,0.023332648,0.805245887,0.548126604,45.98197432,0.000460208,4.47331E-05,0.055373302,0.031175059,1.384686787,0.027730845,0.24972412,0.121645498,,Mali,0.008355289,0.004526655,0.001116373,0.011212255,0.957906994
Mauritania,0.028956744,0.244961861,4.49517493,0.186119632,31.1244801,0.119014465,0.008140584,7.783448389,0.469972955,11.86829314,0.015829248,0.000316536,0.026788956,0.104779264,0.640834707,0.104641895,0.012404508,0.115672245,,Mauritania,2.48698E-05,0.004551108,0,0.049656387,0.957906994
Mauritius,0.071026105,0.001795448,1.45623437,0.509743293,20.04539979,0.427747262,0.027310559,7.263937649,1.064775005,92.25062375,0.049907713,0.000374523,0.081002725,0.111360643,0.824285008,0.267178288,0.001415815,0.108895266,,Mauritius,0.017579986,0.006444951,0.0340128,0.020668037,0.957906994
Mexico,0.03002178,0.305045807,8.236738212,1.453304075,8.321487738,0.082871575,0.039365612,7.605099529,1.734957552,32.56609943,0.045722701,0.001981911,0.006193234,0.0311326,0.994935258,0.178171898,0.004196111,0.126524907,,Mexico,0.030941838,0.003204043,0.000115595,0.000432741,0.427594523
Mongolia,0.115931445,0.180408415,9.052822328,0.14323417,2.448106906,0.137644256,0.002973705,15.34662618,1.262802569,0.22730776,0.000119559,0.000304463,0.111304781,0.062023235,0.685953059,0.204628097,9.92551E-05,0.001802344,,Mongolia,0.014261709,0.002755755,8.09493E-05,0.013865236,0.957906994
Montenegro,0.055786078,0.013854002,21.16049999,1.029801324,0.958403053,1.066612918,0.018013337,4.457536682,1.315477457,33.95147793,0.022459661,0.000589156,0.082322049,0.290499162,0.954616354,0.126753268,0.001187252,0.023603432,,Montenegro,0.022635066,0.002014939,0.000608174,0.002635311,0.957906994
Morocco,0.045220974,0.047973434,1.460070311,1.08456526,10.38867189,0.432158571,0.013605832,0.240200727,0.882872043,4.8636148,0.003710521,0.00050347,0.028762035,0.095656962,1.22226775,0.174427939,0.001840621,0.027000282,,Morocco,0.001396525,0.003782756,0.021687548,0.027369422,0.957906994
Mozambique,0.00088692,0.075519897,0.399047527,0.486620176,11.61461878,1.009009438,0.03145439,0.896298641,0.128508228,48.34208821,0.005282168,0.000105098,0.101732072,0.026659877,0.451022616,0.091998219,0.039302194,0.060858066,,Mozambique,0.005650299,0.00119066,0.003105601,0.016300284,0.957906994
Myanmar,0.022515924,0.034760382,0.872999318,0.432780049,19.89559299,0.002615369,0.037516296,1.708164022,1.203811187,84.76988875,0.000519231,0.000528556,0.01489583,0.045146959,1.067755279,0.030202706,0.072825191,0.045751383,,Myanmar,0.000643838,0.00323958,0.00011188,0.036679032,0.807661285
Namibia,0.018213179,0.059134656,2.657828361,0.270930659,11.24320979,0.035699074,0.002023128,0.895490444,0.660106055,28.87593146,0.010443716,6.48891E-05,0.044062619,0.09947366,1.331530285,0.061080513,0.002300903,0.029471825,,Namibia,0.018986241,0.002544862,0.012423036,0.006044089,0.957906994
Netherlands,0.624058595,0.039648557,25.01192409,1.220357455,3.254509564,0.506397915,0.044934404,8.139659297,1.310466165,14.20822243,0.059591785,0.00167446,0.049544012,0.087990625,0.859752279,0.905179485,0.037056347,0.035599762,,Netherlands,0.041598378,0.005928124,0.001652581,0.015011616,0.957906994
Niger,0.025184014,0.070954,2.411081967,0.307271093,14.74211759,0.009155057,0.096340071,0.90317335,0.191455687,7.204867411,0,1.42219E-05,0.045281824,0.010484182,1.481161017,0.014088619,0.014744572,0.215460338,,Niger,0.000235845,0.001862529,0.001895792,0.004836297,0.957906994
Nigeria,0.001953801,0.033873949,0.087573165,0.269438679,18.99074603,0.883381649,0.124878803,0.769196302,0.154068478,64.0358723,0.002223082,0.000165238,0.068021268,0.019689286,1.204572476,0.050617131,0.488300483,0.049336134,,Nigeria,0.006045778,0.002187867,0.001914144,0.00014638,0.957906994
Norway,0.275526753,0.303795021,14.38438417,0.936847114,1.984475834,0.889928063,0.041427515,4.933393451,1.553190651,5.230292713,0.127304547,0.000667923,0.070967956,0.108897829,0.878374368,0.618792681,0.001468226,0.057594301,,Norway,0.034608381,0.000825011,0.001754272,0.003796551,0.957906994
Pakistan,0.338352435,0.246069129,9.56839836,0.501270264,8.650468673,0.054837366,0.002028993,0.143701605,0.483937359,2.852101962,0.000728812,0.000301223,0.020508372,0.034220821,0.335753074,0.055889694,0.000654869,0.054482938,,Pakistan,6.19276E-05,0.000341215,0,0.011160377,0.52494532
Paraguay,0,0.163191781,2.29861736,0.894604686,4.398750528,0.130346047,0.005725284,0.702558098,1.059132374,1.325666056,0.000614234,0.001074408,0.003722889,0.066033505,0.591927068,0.023459919,0.022665496,0.035074988,,Paraguay,0.01758077,0.001119684,6.83538E-05,0.24223635,0.116541382
Peru,0.005926547,0.033357091,4.890457354,1.520761722,23.32327071,0.024298629,0.003624639,0.943979592,1.365517728,7.339527189,0.013336068,0.001002395,0.004370488,0.051277599,0.961372497,0.603302089,0.07595197,0.119454633,,Peru,0.01952484,0.002520015,0.000576425,0.001173422,0.116541382
Philippines,0.005076061,0.047759275,0.083285863,0.902845453,49.2834282,0.098475602,0.025532431,10.73939436,0.514974001,266.8942839,0.032645336,0.00044446,0.016657291,0.046335079,0.825736113,0.026931489,0.387495316,0.015753036,,Philippines,0.007647424,0.00814965,0.000294694,0.00113732,0.659296669
Portugal,0.443394665,0.026227865,12.84240965,1.714510783,8.492188262,0.262842189,0.053403192,8.250366561,2.493561435,8.671667143,0.150823273,0.001018276,0.002277216,0.031117295,1.406805062,0.788758253,0.00668871,0.043351859,,Portugal,0.050731928,0.002091869,0.001377585,0.007670633,0.957906994
Romania,0.126378166,0.049521478,18.81532681,1.20934663,7.426772256,0.026012137,0.028800364,11.02792218,1.200510523,29.94834565,0.008213523,0.001219548,0.094022518,0.01770265,2.514270021,1.133553366,0.031653111,0.024747879,,Romania,0.047594416,0.002624784,0.000660845,0.002725327,0.957906994
Russia,0.138999721,0.13644678,10.53107642,0.76899093,2.875443194,0.99251797,0.020480143,5.74945471,1.598406381,12.53369803,0.018398171,0.000928735,0.072595405,0.056827819,1.295383571,1.042148785,0,0.020951207,,Russia,0.029630331,0.007022385,0.000295865,0.014604064,0.957906994
Rwanda,0.009054393,0.161646415,1.327795619,1.471832588,28.68901517,0.01844234,0.013669708,0.306495906,0.205434401,27.14184277,0,3.99197E-05,0.086013619,0.022534762,0.715483995,1.311397951,1.60519717,0.460509878,,Rwanda,0.007598543,0.001824761,0.03840837,0,0.957906994
Saint Lucia,0.032894508,0.017543094,1.518972505,0.739897649,2.014316808,0.088555251,0.006478788,1.695490643,2.329945149,31.88809513,0.035741809,0.000218331,0.034700881,0.107857956,0.376830552,0.046024776,0.041244639,0.020857221,,Saint Lucia,0.015515375,0.001377016,2.27571E-05,0.001748297,0.427594523
Saudi Arabia,0.097985256,0.147802355,2.013318252,0.603297972,7.597080028,0.017541134,0.007580654,2.427635179,0.445009903,13.02116965,0.004173331,0.000440543,0.040488055,0.069287406,0.481463826,0.067137136,0.010216207,0.018013989,,Saudi Arabia,0,8.37125E-05,0.000171581,0.015856177,0.085080558
Senegal,0.011951221,0.121938374,1.040486202,0.231294458,36.17110645,0.051244195,0.083924548,0.311789031,0.423662281,82.12658873,0.009570984,0.000202798,0.061861472,0.037926013,1.666173216,0.069339519,0.091053108,0.063281854,,Senegal,0.00074138,0.013605172,0.001805348,0.008818615,0.957906994
Serbia,0.024377927,0.117941922,10.65925229,0.945012215,2.404446783,0.689688295,0.020285007,4.461168168,0.988607948,3.482370898,0.002068684,0.000621253,0.054499893,0.038886092,1.035755724,0.231706841,0,0.020002502,,Serbia,0.01819311,0.006931079,0.000391041,0,0.957906994
Slovakia,0.547530389,0.267460275,12.26220562,0.620654138,2.345145388,0.439846865,0.03732651,13.26595988,0.599698073,6.221702855,0.001246004,0.001029176,0.069134688,0.109781151,0.793424686,0.580291112,0.011954874,0.011529327,,Slovakia,0.03742203,0.005926386,0.000731659,0.003928539,0.957906994
Slovenia,0.340395969,0.074942301,8.972503608,1.495151524,2.23951678,0.097696619,0.02609602,7.929351421,0.979339491,5.141721527,0.026958419,0.000543686,0.070857457,0.026832729,1.10749568,0.178013742,0.000703111,0.015840009,,Slovenia,0.032334518,0.000579525,0.000484108,0.001891874,0.957906994
South Africa,0.034761284,0.015908718,4.026614773,0.285651973,13.47005813,0.29010495,0.009851046,1.347975188,1.525904222,4.602356804,0.005809173,0.000563216,0.060708471,0.102168718,0.481233015,0.127092574,0.015257539,0.016720101,,South Africa,0.027847316,0.00438881,0.020736691,0.008521564,0.957906994
South Korea,0.207548789,0.00324603,0.975054923,0.681125551,26.64508396,0.0333259,0.091577318,1.283306004,2.575539434,122.3679297,0.253649709,0.001320892,0.056148802,0.129658686,2.690951119,0.155205705,0.052523124,0.080040372,,South Korea,0.036506741,0.000888112,0.00051585,0.001652474,0.957906994
Spain,0.089578943,0.011096228,10.17735005,1.27087592,2.696459068,0.189068841,0.134549379,11.77241192,1.581484633,4.877832122,0.127161648,0.000816792,0.031567471,0.016856303,1.492308901,0.651308057,0.002075258,0.041406596,,Spain,0.05105597,0.006239114,0.000745311,0.001778213,0.957906994
Sri Lanka,0.002324795,0.054700698,1.362621941,0.953398586,32.6813308,0.037371333,0.008607939,0.275181936,0.270386373,78.07311066,0.012106845,0.000304042,0.019238591,0.041396101,0.704049584,0.077334488,0.092378617,0.131130189,,Sri Lanka,0.002566738,0.009308891,4.40116E-06,0.008876288,0.52494532
Sweden,1.524956018,0.477731914,15.33144682,0.725853419,2.844451651,0.562554125,0.042882257,9.004525093,1.524921212,19.3244295,0.099322038,0.001353566,0.081414933,0.080654361,1.075735212,0.658826587,0.004641857,0.023443133,,Sweden,0.039464143,0.005137189,0.002409359,0.008976501,0.957906994
Switzerland,0.443733475,0.161267665,22.19728252,0.978938933,2.992504252,0.385582332,0.019341927,7.969098773,1.301227505,50.35007049,0.043518411,0.000874922,0.065880349,0.025500581,1.118994878,0.522508977,0.001025281,0.020558247,,Switzerland,0.035890675,0.004343838,0.001646084,0.005158955,0.957906994
Syria,0.020113202,0.178476078,4.289246076,1.147670963,3.350690083,0.007973679,0.032502417,0.514245377,0.411455865,2.028353112,0,0.00032509,0.043305811,0.097179034,1.270578594,0.111654006,0.00021743,0.030235157,,Syria,0.000273803,0.001310864,0.000115178,0.0157068,0.085080558
Tanzania,0.019308322,0.139237029,2.495721454,0.889640067,38.60081231,0.021506375,0.091772264,0.264440356,0.265789333,33.15166641,0.000949083,0.000101657,0.062652021,0.035690133,0.682876192,0.053069746,0.751056138,0.259703331,,Tanzania,0.022284989,0.00303512,0,0.001396999,0.957906994
Thailand,0.006332135,0.081624646,0.948271538,1.329844033,17.20490206,0.003323331,0.005402248,0.584471786,0.530347486,103.0069152,0.045085851,0.000680962,0.077699562,0.173499673,0.546038918,0.0131516,0.000551131,0.024361798,,Thailand,0.01024664,0.003036884,5.7285E-05,0.013610657,0.085080558
The Gambia,0.003096168,0.052986153,2.080850025,0.066518113,8.509437499,0.091211809,0.213085567,1.476556027,0.322916958,111.4180685,0.009145613,5.41077E-05,0.065561289,0.023720708,0.247411789,0.008307513,9.96448E-05,0.00945748,,The Gambia,0.003638749,0.001601692,0.002337224,0.032247284,0.957906994
Togo,0.001369154,0.012497533,0.079397398,0.081239313,19.27663364,0.033867066,0.018962779,0.137315977,0.329584369,32.52347505,5.9889E-05,0.000118376,0.039935542,0.024436737,0.220962293,0.001764256,0.249550146,0.036095509,,Togo,0.003382162,0.002755304,0.019740997,0.000425535,0.957906994
Trinidad and Tobago,0.078399614,0.010095619,1.429917875,0.62307677,7.030809542,0.202824452,0.019400652,2.573278965,1.342015872,45.13165028,0.03141678,0.000191937,0.027700319,0.206433386,0.549386744,0.12203075,0.045469611,0.10112419,,Trinidad and Tobago,0.010242253,0.009840185,7.09004E-05,0.00292007,0.427594523
Tunisia,0.04840127,0.010837592,7.674248826,0.988431889,16.76264872,0.323228539,0.070204983,5.200608539,0.44959582,121.5212415,0.009542866,0.000433045,0.083922672,0.128378893,3.245612039,0.138277689,8.9371E-05,0.095328712,,Tunisia,0.005820927,0.017148984,0.040040326,0.009416173,0.957906994
Turkey,0.216241917,0.065103577,11.36865038,1.538596752,7.411859821,0.023910485,0.10563261,0.85311205,0.86448193,0.707268619,0.004126616,0.000587474,0.016695636,0.030527383,2.811141972,0.33839035,0,0.117928523,,Turkey,0.005444095,0.007450886,0.000116352,0.057460127,0.957906994
Uganda,0.021611999,0.050683366,3.774916706,0.043984071,34.32905886,0.067014517,0.095757377,1.086596351,0.265731171,65.06983047,0,9.09281E-05,0.062826401,0.017375232,0.452059113,0.049039852,1.526221151,0.184417889,,Uganda,0.030473322,0.011149993,0.029478679,0,0.957906994
Ukraine,0.03120963,0.263446663,12.44115325,0.784053754,4.466646245,0.12056144,0.009599532,3.084187375,0.439478043,24.42200869,0.006323856,0.000976608,0.070538611,0.046638823,2.065800851,0.590553964,0,0.005315379,,Ukraine,0.019667029,0.002883193,0.000120124,0.00522672,0.957906994
United Kingdom,0.080153958,0.166300412,17.76486147,0.950216618,4.44304648,0.396977707,0.043652122,13.91582188,1.364616989,2.293713789,0.042812454,0.000627016,0.028856966,0.095037748,0.973364437,0.900420192,0.001631265,0.036003013,,United Kingdom,0.046570396,0.003872125,0.000584445,0.023287929,0.957906994
United States,0.24076292,0.124770077,21.35263061,1.343625769,6.784839047,0.200245352,0.112348773,21.68998185,2.392614757,15.28712741,0.130274358,0.00089699,0.087982259,0.285665244,1.493837765,0.680104243,0.052726339,0.048098064,,United States,0.047305331,0.010202797,0.001109604,0.010116174,0.957906994
Uruguay,0.045804596,0.117868664,9.5616658,0.963586819,3.84566224,0.0369143,0.004695713,1.79559113,0.951062877,2.505663768,0.00705026,0.000636694,0.004821288,0.154828846,0.730652523,0.113664541,0.056086289,0.009951387,,Uruguay,0.021872594,0.00051059,6.64637E-05,0.131356243,0.116541382
Venezuela,0.003209542,0.031605731,4.694164373,0.670684395,6.006657611,0.013209085,0.00023248,1.332585942,0.618574483,2.710806587,0.009162427,0.0002988,0.036811911,0.07482708,0.488918095,0.058371574,0.07617403,0.016629187,,Venezuela,0.00366035,0.00210736,0.000187859,0.000144439,0.116541382
Vietnam,0.003517546,0.022836444,0.587052632,1.017206369,44.14370895,0.006967474,0.041813061,0.774322463,1.190564299,196.5291138,0.103810934,0.000174726,0.008478924,0.037378926,2.049607661,0.017202012,0.043602289,0.075254537,,Vietnam,0.01261078,0.004309583,0,0.024075897,0.807661285
Zambia,0.007948677,0.283744987,0.659296396,0.094225829,44.94171182,1.109216252,0.090975627,5.400765072,0.288182078,79.62469561,0.000128229,0.000334338,0.104090597,0.034560047,0.31976615,0.024451977,0.119757586,0.057458449,,Zambia,0.019801208,0.009782761,0.005466948,0.002832813,0.957906994
Zimbabwe,0.005906993,0.037196352,1.207799049,0.203988135,10.79247715,0.007786464,0.010142466,1.754856651,0.796628828,15.6850018,0,7.60071E-05,0.048166447,0.071222597,0.182262925,0.005926305,0.00589629,0.008343305,,Zimbabwe,0.010016325,0.001209339,0.001636291,0,0.957906994
