Figure S2a,,,,,,,,,,,,,,,,,,,,,,,,,,,,,,,,,,,,,,,,,,,,,,,,,,,,,,,,,,,,,,,,,,,,,,,,,,,,,,,,,,,,,,,,,,,,,,,,,,,,,,,,,,,,,
2018,Angola,Benin,Burkina Faso,Central African Republic,Cote d'Ivoire,Cameroon,Congo,Djibouti,Algeria,Egypt,Ethiopia,Gabon,Ghana,Guinea,The Gambia,Guinea-Bissau,Kenya,Lesotho,Morocco,Madagascar,Mali,Mozambique,Mauritania,Mauritius,Malawi,Namibia,Niger,Nigeria,Rwanda,Senegal,Chad,Togo,Tunisia,Tanzania,Uganda,South Africa,Zambia,Zimbabwe,Albania,Argentina,Antigua and Barbuda,Australia,Austria,Belgium,Bangladesh,Bulgaria,Bosnia and Herzegovina,Bolivia,Brazil,Barbados,Canada,Switzerland,China,Colombia,Cuba,Germany,Dominica,Denmark,Dominican Republic,Spain,France,United Kingdom,Greece,Grenada,Croatia,Hungary,Indonesia,India ,Ireland,Iran,Iraq,Iceland,Jordan,Japan,Cambodia ,South Korea,Kuwait,Laos,Saint Lucia,Sri Lanka,Luxembourg,Mexico,Myanmar,Montenegro,Mongolia,Malaysia,Netherlands,Norway,Pakistan,Peru,Philippines,Portugal,Paraguay,Romania,Russia,Saudi Arabia,Serbia,Slovakia,Slovenia,Sweden,Syria,Thailand,Trinidad and Tobago,Turkey,Ukraine,Uruguay,United States,Venezuela,Vietnam
Cheese,0.876712329,0.082191781,0.219178082,0.02739726,0.109589041,0.02739726,0.191780822,0.493150685,1.205479452,3.97260274,0.383561644,0.712328767,0.164383562,0.164383562,0.328767123,0.136986301,2.136986301,0.082191781,4.383561644,0.02739726,0.054794521,0.082191781,0.821917808,6.821917808,0,1.753424658,2.465753425,0.191780822,0.383561644,0.410958904,0.082191781,0.136986301,4.849315068,2,0.712328767,1.506849315,0.246575342,0.657534247,4.630136986,1.890410959,9.424657534,13.5890411,38.05479452,65.64383562,0.520547945,2.931506849,4.739726027,0.438356164,1.506849315,6.767123288,25.34246575,14.32876712,0.630136986,1.205479452,0.575342466,35.15068493,0.191780822,28.43835616,1.616438356,8.301369863,33.06849315,7.698630137,6.98630137,2.082191781,4.136986301,31.64383562,0.301369863,9.068493151,11.80821918,7.479452055,0.739726027,42.93150685,1.479452055,1.671232877,0.876712329,6.438356164,5.917808219,0.191780822,3.232876712,0.273972603,44.93150685,0.876712329,2.520547945,5.506849315,11.04109589,2.054794521,17.67123288,27.26027397,14.21917808,0.575342466,0.164383562,12.65753425,0,3.917808219,13.94520548,9.97260274,1.095890411,18.65753425,34.2739726,45.01369863,2.02739726,0.684931507,3.150684932,7.917808219,3.095890411,4.849315068,6.575342466,0.328767123,0.383561644
Yoghurt,54.8997394,9.365946375,35.39061793,19.20647789,2.220447126,339.9171194,7.625267125,12.04888267,5.998228855,22.19903605,51.77104215,4.537590793,21.51219533,10.54863692,39.45266274,10.66698633,39.08392558,60.7251013,34.60324023,41.17433196,8.677718755,54.0894245,58.12483005,1.311226879,6.08194989,42.17544991,52.11398265,24.90247609,44.36885387,33.75819067,6.42097337,9.30148681,8.207514835,37.67499198,13.58938004,5.103179335,66.3138617,30.28078538,109.7994788,56.88492374,18.73189275,70.78123586,88.75090963,38.41295577,4.440894251,679.8342388,96.93669105,15.25053425,16.72136207,24.09776533,11.99645771,44.3980721,103.5420843,9.075181585,43.02439066,21.09727383,78.90532547,21.33397266,78.16785115,7.947423395,66.33785125,121.4502026,69.20648046,82.34866391,17.35543751,108.178849,116.2496601,2.622453758,12.16389978,84.35089982,104.2279653,49.80495217,88.73770773,43.99710805,67.51638134,0.758627633,32.15377926,103.8642957,12.84194674,18.60297362,16.41502967,75.34998396,27.17876008,10.20635867,132.6277234,60.56157076,9.72088462,227.0593701,73.68867481,9.153580499,13.04087441,6.188634917,116.9776024,13.75146861,102.6383776,110.3592826,85.56457268,81.62609184,56.17920293,118.4195042,131.8518663,61.86393466,7.453927355,22.78535352,197.4675398,92.11473697,28.42249925,23.94050573,17.58196064
Total Milk,18.57534247,31.39726027,47.28767123,40.82191781,3.095890411,24.63013699,3.068493151,57.83561644,190.1369863,84.68493151,76.38356164,19.39726027,5.561643836,41.47945205,69.97260274,48,208.2191781,139.890411,77.06849315,54.73972603,119.3150685,16.68493151,221.0958904,46.63013699,27.50684932,139.2876712,108.1643836,3.342465753,40.57534247,32,55.67123288,4.356164384,251.260274,79.75342466,110.2739726,126.4383562,19.50684932,69.56164384,868.3561644,442.9863014,121.9452055,601.2054795,505.4246575,504.7123288,47.97260274,389.4246575,531.9452055,114,387.6712329,61.97260274,455.8082192,789.5068493,61.56164384,302.3835616,234.4931507,468.8219178,183.3424658,677.369863,231.4794521,425.5342466,495.5068493,568.8493151,664.5753425,78.54794521,592.1643836,441.2876712,12.95890411,205.890411,881.7808219,54.19178082,79.91780822,557.9178082,122.1369863,130.3835616,8.712328767,28.84931507,105.6438356,8.136986301,80.87671233,44.79452055,262.3561644,251.3972603,46.54794521,970.2191781,473.0136986,13.78082192,794.9041096,470.4383562,307.0136986,150.8767123,2.547945205,394.3561644,120.3835616,647.1780822,378.1369863,111.1780822,443.9452055,454.2739726,380,484.630137,233.6712329,42.82191781,76.24657534,478.739726,434.0273973,526.2739726,629.7808219,254.1643836,20.87671233
Fruits,177.8082192,129.4246575,12.63013699,125.2328767,26.68493151,175.5890411,94.79452055,81.53424658,277.0136986,375.8356164,23.78082192,73.17808219,179.9452055,108.8493151,14.60273973,80.79452055,194.630137,42.98630137,273.6164384,133.3972603,183.7534247,109.6986301,41.36986301,113.5068493,425.9452055,77.89041096,71.78082192,61.7260274,320.0547945,50.68493151,20.71232877,23.53424658,229.3972603,199.6986301,9.150684932,64.08219178,19.89041096,48.32876712,480.1917808,218.109589,357.0684932,195.3424658,262.8493151,335.3972603,83.7260274,157.0136986,292.0821918,179.8356164,348.4109589,202.630137,263.6164384,228.2465753,263.6438356,255.1780822,260.630137,213.3424658,1078.931507,168.3561644,775.260274,286.4931507,226.2465753,211.5890411,337.260274,319.7260274,222.0273973,169.6164384,226.1917808,219.4520548,181.8082192,400.5479452,205.9726027,220.7123288,116.2191781,91.7260274,71.7260274,143.7808219,193.3972603,463.260274,211.9726027,216.7123288,239.7534247,318.0547945,99.67123288,343.0684932,34.4109589,136.6027397,266.8219178,214.1369863,113.8356164,335.7260274,195.7534247,367.9726027,209.4246575,286.4109589,172.0273973,207.3150685,284.9589041,141.4520548,350.4931507,160.630137,305.9178082,351.7534247,143.6438356,352.5205479,182.3835616,221.4520548,285.4520548,192.739726,233.4246575
Refined Grains,775.0135103,510.3674599,263.304376,235.7134839,574.2868638,384.58269,821.8662314,277.9410986,391.2681951,412.0542753,402.8683993,417.7650671,783.4679027,518.750327,240.6153271,172.7341241,371.9779276,302.3843813,288.2541825,417.1901148,347.219105,322.4754422,373.7900551,281.5708519,521.6261142,309.6407284,407.5256726,323.0095669,326.0138099,432.2246801,212.4322254,559.436784,487.8286207,462.084572,392.0738528,156.6676557,489.0940395,345.2712763,343.1757215,322.411742,198.7345239,149.7753507,142.7390735,161.7873869,318.2329977,261.3364691,360.0882409,307.4818008,359.3990862,173.8035307,192.2522461,184.4970306,329.9997166,275.6873205,388.8082047,229.9812208,127.9815563,90.71842871,194.9767963,240.9921895,303.5846678,240.2944718,136.7596227,184.8565453,228.5671804,165.9401184,490.6235549,253.971848,253.3815118,432.32676,421.1631909,125.0636513,304.8915111,240.3766036,580.8095223,267.7605502,323.2013478,389.2754261,192.9352995,342.5549107,278.5357389,398.4726784,249.155965,114.1062448,233.8649358,275.5805682,137.2427524,106.8194735,302.7564857,337.0712327,334.217325,280.0192891,601.0810396,451.1762217,142.0222787,393.9382718,258.5183695,140.6139527,295.3939491,157.4559337,367.7367713,245.9427009,258.9600832,534.3465687,281.8555167,367.0759851,240.7528175,257.5028334,320.1788162
Whole Grains,70.89950343,39.8688415,151.4728843,244.9445983,29.96902661,142.8264881,74.80897407,109.5112302,191.0597501,194.772437,7.895710279,31.94849453,93.7389466,113.880221,22.6022071,96.21601285,14.58166149,119.1213721,427.9154065,24.65111805,85.98925114,271.3362017,26.86131481,101.4922988,171.4653927,34.89351822,8.215971281,234.281392,17.4250942,14.62079936,90.44626771,34.85527076,77.02603684,22.77761983,17.93066773,291.7079608,243.8159605,8.88625791,30.97619626,16.84853199,17.65657197,87.39149859,165.1270909,161.8923392,3.344810546,107.9239419,95.98764947,24.69874715,9.077352179,74.99167474,88.46816482,96.82488725,4.024940919,19.6218576,39.10837065,71.91946412,17.15008752,216.2021192,4.977039267,50.84315292,70.48724998,94.19155563,197.4994184,15.60386566,71.87802507,151.0608405,25.27480131,69.13157668,82.8980772,45.25871943,8.073521413,98.92977336,15.9032834,2.292437478,15.51814894,7.3253402,15.97070695,0.392519119,84.2227827,11.13330849,43.39152136,21.19239009,2.512391207,243.6623853,112.707119,4.356144143,117.6560148,213.4869649,61.15693893,24.37904127,25.34089415,59.43701227,127.9164946,7.573367334,258.4544336,18.35405697,138.9347812,112.5605679,91.31851665,134.2509156,8.37487251,3.135929197,69.82416339,8.452746409,110.6794149,39.24826145,43.19649758,13.81497478,6.67762212
Nuts And Seeds,10.2739726,29.15068493,48.30136986,41.04109589,13.80821918,37.34246575,8.109589041,1.369863014,5.178082192,4.657534247,4.547945205,37.53424658,23.23287671,18.90410959,53.26027397,16.05479452,4.520547945,2.493150685,10.57534247,1.178082192,18.73972603,8.684931507,1.945205479,6.684931507,4.383561644,1.589041096,45.5890411,35.47945205,3.397260274,22.90410959,51.42465753,15.31506849,19.34246575,25.67123288,20.68493151,2.98630137,20.71232877,9.01369863,12.49315068,1.178082192,5.095890411,21.15068493,21.89041096,8,2.876712329,10.73972603,7.643835616,24.24657534,8.739726027,11.7260274,20.38356164,13.89041096,25.28767123,2.493150685,0.849315068,14.08219178,2.904109589,9.561643836,1.534246575,37.15068493,14.10958904,10.68493151,41.94520548,2.630136986,9.698630137,2.136986301,16.54794521,9.945205479,8.328767123,28.68493151,5.616438356,9.945205479,12.21917808,6.191780822,7.534246575,20.84931507,9.561643836,14.76712329,5.095890411,8.493150685,8.739726027,9.780821918,29.15068493,9.178082192,2.273972603,7.068493151,10.35616438,10.21917808,2.02739726,2.849315068,6.520547945,12.82191781,4.410958904,8.602739726,5.863013699,6.136986301,9.397260274,10.35616438,10.82191781,10.05479452,25.97260274,4.136986301,8.684931507,34.54794521,7.452054795,3.890410959,24.54794521,0.191780822,32.46575342
Total Processed Meats,38.76540825,24.72827718,8.681587051,39.177788,1.796075848,11.61439847,12.63310195,8.500566063,20.03920788,29.91102754,0.94284938,83.1962926,8.077538945,23.1574444,11.38799791,16.90430019,17.61393665,40.94711826,6.785289326,10.18266644,22.706219,8.689643283,54.04647426,53.20421384,38.09923213,25.22272078,9.257461636,6.737795901,8.904151986,14.1092031,23.98042666,4.418922542,41.25818426,8.809041549,8.006413553,44.97116114,37.25615054,66.09715221,63.89686219,65.88999388,113.9779718,75.30254696,86.7355303,63.00224123,0.557441998,58.91988758,18.79716998,25.31606754,101.3778107,34.48059193,88.06556383,62.19843464,7.59318485,73.09290932,30.88694768,127.7902145,47.99912127,88.65324396,55.89965108,114.1339008,92.28506231,101.9254844,15.37469706,41.30462241,76.22681687,88.54278901,19.80585082,4.900638047,115.1142026,28.17295447,14.9010986,76.34057354,35.37194037,18.6919947,10.88051938,8.852642364,104.1840554,28.37567424,49.70187347,3.034513264,116.1356479,54.74598026,46.8499737,54.51606065,197.8096889,67.69399848,57.72094538,48.37485374,6.578843388,27.42116931,79.74455098,56.67136086,20.20867779,85.34213212,49.28183854,79.03216442,51.36959572,108.4964919,79.77304723,63.91063575,16.37330359,16.55338658,74.4015844,8.300230137,80.21900468,53.00320421,143.1650209,39.37008584,22.41137627
Unprocessed Red Meats,36.79623558,21.05254474,30.88005678,79.04139008,41.54638991,24.41299879,105.3668981,42.62272161,38.48134007,69.40404095,22.12564377,116.9132964,38.41561174,17.96584328,30.94076922,32.19159022,32.41346061,51.6282242,96.25580656,31.13240206,51.10200018,15.74871288,42.99462163,100.2752382,41.16104184,71.98275867,17.48226439,16.57727259,19.01365623,39.28805717,122.8140939,38.86874869,42.49524039,24.99917763,22.81550426,142.9740443,25.07261659,81.32750533,60.65108302,280.7127458,97.03572684,267.848138,166.9904971,127.1073478,12.8946128,123.8472357,105.0384465,211.1496859,192.6221893,172.8892711,169.1125184,144.3221133,178.1876371,102.7153099,146.8938742,99.14129237,130.4118376,168.8262081,102.8674722,193.8113047,143.112198,128.5128718,218.104755,126.2844187,171.554005,160.4709096,15.75579302,9.236348254,124.3652495,80.40238799,28.13999729,187.82381,75.53216922,124.6778683,30.29756281,224.0788645,96.19950625,57.3229559,254.5447019,26.69151413,119.6177768,155.3636088,133.5061907,173.3195558,133.1218179,83.29230289,116.4160409,153.3511737,45.85951278,123.5651321,47.24175039,227.4656254,112.6954318,118.1099227,170.7455587,51.59797257,121.5893084,63.0925492,120.3091446,137.5688163,48.17464162,69.69318876,147.8997855,104.3299068,65.5892145,105.1337821,205.2185407,68.24635251,146.4105415
Fish,43.01369863,45.53424658,24,20.32876712,66.79452055,47.50684932,79.28767123,12.35616438,11.09589041,69.09589041,1.452054795,81.83561644,68.95890411,28.1369863,58.82191781,3.287671233,8.164383562,8.657534247,50.30136986,8.602739726,24.73972603,33.42465753,20.90410959,53.20547945,32.60273973,29.09589041,5.479452055,23.67123288,13.83561644,42.49315068,19.04109589,33.61643836,33.26027397,18.49315068,31.7260274,19.45205479,38.43835616,8.849315068,17.56164384,12.38356164,112.7671233,48.54794521,31.56164384,52,66.79452055,17.75342466,15.09589041,6.876712329,22.60273973,109.8082192,39.67123288,34.65753425,64.76712329,18.24657534,13.91780822,30.60273973,74.68493151,50.71232877,20.63013699,76.98630137,64.54794521,39.94520548,37.34246575,70.38356164,39.67123288,16.4109589,106.5753425,17.42465753,59.5890411,31.12328767,10.35616438,207.3150685,14.02739726,85.09589041,107.9452055,101.7260274,34.05479452,68.16438356,78.1369863,78.93150685,60.79452055,29.26027397,124.7671233,30.79452055,1.534246575,132.7123288,47.09589041,109.2054795,4.438356164,61.47945205,63.5890411,122.4383562,10.95890411,20.32876712,50.02739726,28.57534247,16.30136986,26.19178082,24.16438356,66.19178082,4.383561644,60.52054795,58.24657534,11.78082192,29.26027397,21.8630137,33.64383562,23.20547945,74.21917808
Shellfish,0.328767123,1.397260274,0.02739726,0.02739726,0.273972603,4.575342466,0.301369863,0.273972603,0.465753425,1.342465753,0,0.739726027,0.054794521,0,2.136986301,0.082191781,0.082191781,0.082191781,1.616438356,2.739726027,0.109589041,1.616438356,3.506849315,12.73972603,0,4.657534247,0,0.849315068,0,2.191780822,0,0.02739726,2.136986301,0.219178082,0,1.315068493,0.02739726,0,6.109589041,7.424657534,38.35616438,23.8630137,6.712328767,10.76712329,3.698630137,2.109589041,0.794520548,0.054794521,2.082191781,7.780821918,20.65753425,11.47945205,41.12328767,0.794520548,1.671232877,4.164383562,1.616438356,22.24657534,2.356164384,39.28767123,26.76712329,11.01369863,16.19178082,3.835616438,12.02739726,0.931506849,14.46575342,1.315068493,3.726027397,0.657534247,0.164383562,44,0.356164384,40.71232877,7.287671233,54.73972603,5.479452055,0,14.79452055,3.780821918,25.78082192,10.52054795,0.219178082,7.808219178,0.054794521,23.61643836,13.04109589,30.4109589,0.191780822,6.02739726,7.178082192,33.78082192,0.273972603,2.136986301,4.98630137,1.945205479,0.657534247,0.356164384,8.602739726,23.09589041,0,20.10958904,6.849315068,1.452054795,2.904109589,3.287671233,27.34246575,4.191780822,28.05479452
Eggs,0.191780822,2.657534247,5.808219178,1.205479452,4.739726027,1.205479452,0.98630137,6.931506849,18.38356164,8.684931507,1.04109589,2.684931507,2.739726027,5.726027397,2.602739726,3.780821918,4.082191781,1.342465753,23.97260274,1.643835616,1.287671233,5.04109589,9.068493151,18.24657534,2.849315068,3.068493151,0.684931507,7.97260274,1.123287671,5.835616438,0.657534247,5.424657534,21.39726027,2.931506849,2.356164384,16.08219178,8.904109589,3.863013699,41.75342466,44.02739726,8.465753425,22.93150685,39.23287671,22.52054795,10,22.1369863,14.87671233,20.30136986,33.20547945,23.94520548,41.12328767,27.7260274,54.19178082,37.34246575,27.34246575,36.19178082,9.808219178,43.50684932,29.15068493,39.17808219,32.54794521,30.54794521,26.60273973,28.10958904,20.16438356,37.78082192,41.5890411,9.04109589,21.97260274,22.71232877,30.2739726,32.2739726,15.26027397,54.35616438,3.150684932,35.17808219,41.45205479,4.931506849,10.52054795,11.23287671,45.06849315,54.95890411,25.89041096,28.4109589,14.1369863,48.65753425,48.30136986,32.73972603,9.260273973,28.43835616,12.54794521,28.98630137,50.82191781,36.76712329,45.26027397,21.47945205,26.30136986,34.71232877,26.32876712,39.47945205,15.7260274,33.01369863,9.232876712,23.80821918,47.53424658,31.47945205,44.4109589,14.54794521,8.493150685
Total Salt,8.012558976,5.854497115,6.745877709,6.588720688,9.733914893,7.085544632,5.284172176,5.87592913,7.171861194,6.827177017,10.83437854,2.696429749,5.709994086,6.153253872,5.866620342,6.872256937,5.271455955,6.63725064,4.662142264,5.202869005,7.832663874,9.277466748,2.296285731,7.213334671,6.017021753,7.149852707,6.306957004,6.685010947,9.928629553,6.20362285,6.034578076,5.616784154,8.080363724,6.001100993,5.776735471,8.497577844,8.939727147,5.83990165,8.027158976,4.145297047,6.511497115,6.837127709,7.897976221,6.950070688,10.38361489,6.797194632,7.084754728,5.430172176,7.530515973,6.13142913,7.365311194,6.827177017,9.87807854,2.853379749,5.709994086,6.375903872,6.655020342,7.354056937,5.322555955,6.689599498,7.293689537,6.57885064,4.384742264,6.604469005,7.533363874,9.675316748,2.862035731,7.286334671,6.301721753,6.945452707,6.354407004,6.798160947,9.983379553,9.867931573,6.20362285,10.81484263,8.93791093,12.34308595,6.713478076,6.715434154,7.930713724,6.187250993,5.773085471,8.523127844,8.895927147,7.11010165,5.173221538,7.386169057,6.657991876,5.818399084,4.44883899,9.070723041,4.943974389,9.704172144,7.501640889,7.868063166,5.629933208,7.190250802,7.332070517,8.462104722,8.729884438,10.61715532,5.32012434,6.821904192,7.293988651,6.406853715,8.256246405,5.843215761,3.289503795
Added Sugars,56.82191781,27.83561644,23.67123288,24.46575342,35.01369863,30.02739726,38.79452055,111.0684932,82.60273973,74.2739726,26.35616438,46.4109589,35.06849315,41.69863014,93.45205479,19.36986301,50.65753425,76.54794521,94.35616438,22.2739726,32.1369863,33.17808219,108.7123288,122.0547945,26.93150685,106.3013699,12.73972603,29.26027397,31.8630137,47.15068493,25.56164384,39.09589041,95.09589041,33.5890411,39.5890411,109.3424658,36.4109589,89.12328767,100.3287671,124.2739726,140.6575342,114.3835616,125.0410959,171.4246575,28.08219178,94.71232877,84.46575342,228.739726,116.4931507,166.1369863,154.6575342,123.9726027,19.34246575,202.1369863,144.7671233,121.1232877,184.5479452,153.4520548,116.109589,92.30136986,106.3013699,104.1643836,89.78082192,112.5753425,163.5068493,110.1643836,72.52054795,61.12328767,232.7945205,89.83561644,60.82191781,226.0547945,115.260274,70.79452055,102.6027397,136.6027397,105.3424658,110,109.3150685,83.5890411,446.4383562,127.2054795,78.30136986,339.3972603,177.5616438,123.3150685,103.0136986,117.0410959,64.84931507,62.32876712,59.50684932,104.3287671,74.79452055,79.47945205,188.4109589,87.09589041,70.73972603,229.890411,123.369863,134.4109589,115.1780822,164.7945205,181.6986301,87.06849315,165.260274,150.8493151,176.6849315,83.78082192,29.83561644
Non-Starchy Vegetables,103.7808219,152.630137,40.82191781,131.7808219,108.0273973,393.6164384,108.2191781,224.2465753,536.9863014,451.1780822,157.0136986,153.0958904,180.4931507,203.9726027,54.2739726,157.2054795,138.3287671,73.69863014,299.6438356,59.20547945,310.2191781,100.1917808,140.2191781,181.7808219,241.7260274,370.9315068,299.4246575,269.890411,155.3150685,358.1369863,20.60273973,60.4109589,735.9178082,153.1780822,93.42465753,106.5479452,67.01369863,42.10958904,842.4383562,193.8630137,197.5616438,249.260274,243.2054795,304.6575342,102.2465753,271.9178082,697.9178082,111.4520548,142.4383562,193.5068493,282.6027397,258.4657534,1055.342466,176.5205479,382.0273973,249.7808219,400.7123288,289.0410959,274.3013699,331.5068493,275.7808219,214.6575342,477.6438356,384.630137,835.4246575,257.9726027,125.9726027,246.9315068,248.5205479,335.5890411,279.260274,204.9041096,316.8493151,264.3013699,110.7671233,563.9452055,472,629.2876712,104.3835616,155.5890411,260.6027397,215.0958904,240.630137,331.9178082,159.3972603,195.3150685,185.2876712,197.4794521,74.76712329,212.4657534,177.6712329,304.6027397,135.0410959,573.8356164,285.6712329,175.9452055,244.0821918,177.890411,253.2328767,233.6164384,324.5479452,140.5479452,126.6575342,634.2465753,467.7534247,164.4109589,313.3150685,136.7671233,457.8630137
Potatoes,32.52054795,0.767123288,3.397260274,0.356164384,1.835616438,17.39726027,3.97260274,44.73972603,183.8356164,85.94520548,19.04109589,3.452054795,0.356164384,13.89041096,5.534246575,1.068493151,85.61643836,155.3972603,111.9178082,15.94520548,18.05479452,23.06849315,22.93150685,62.32876712,115.9452055,39.09589041,8.493150685,12.35616438,312.3013699,17.91780822,6,1.150684932,84.57534247,35.28767123,11.64383562,90.63013699,5.205479452,4,128.8219178,102.630137,31.91780822,126.739726,156.2739726,235.260274,141.5068493,74.19178082,227.8630137,194.7671233,51.09589041,98.02739726,212.9041096,128.109589,120.3835616,156.6575342,33.75342466,161.3424658,27.78082192,155.9452055,27.94520548,163.3150685,134.739726,210.0547945,152.8219178,27.5890411,107.0958904,94.08219178,12.30136986,71.31506849,188.1643836,86.98630137,43.83561644,91.97260274,52.19178082,50.65753425,0.191780822,33.04109589,101.5068493,1.287671233,30.10958904,26.54794521,89.89041096,41.53424658,20.35616438,73.5890411,123.6712329,39.50684932,197.260274,142.6849315,40.02739726,249.4520548,7.04109589,170.4931507,15.01369863,267.6712329,259.9726027,44.02739726,88.63013699,139.1780822,109.6986301,144.6849315,73.01369863,8.712328767,79.69863014,128.2465753,362.7123288,77.36986301,143.1780822,38.87671233,11.53424658
Other Starchy Vegetables,100.4109589,438.3835616,13.50684932,270.0273973,704.0821918,216.3013699,45.97260274,0,0,8.02739726,42.30136986,480.9041096,833.9452055,167.4246575,0.082191781,66.16438356,45.06849315,2.95890411,1.534246575,52.73972603,58.2739726,33.7260274,3.205479452,1.260273973,153.2328767,1.890410959,12.2739726,407.7808219,370.8493151,22.35616438,95.17808219,220.0821918,0.082191781,178.1917808,487.6986301,3.561643836,26.98630137,5.808219178,0,19.69863014,25.45205479,6.602739726,0.739726027,3.452054795,6.356164384,3.452054795,0.191780822,81.06849315,4.383561644,24.19178082,5.095890411,0.876712329,58,94.49315068,242.9863014,0.164383562,225.2876712,0.054794521,206.0547945,1.780821918,1.178082192,1.452054795,1.808219178,74.32876712,0.98630137,4.02739726,18.19178082,2.356164384,0.109589041,0,0,41.36986301,0,13.15068493,6.273972603,11.83561644,0.602739726,26,34.65753425,85.56164384,4,0.931506849,63.20547945,0.98630137,0.082191781,2.356164384,9.04109589,1.342465753,0.164383562,17.47945205,88.79452055,1.506849315,18.63013699,8.465753425,0,9.123287671,0,4.684931507,0.602739726,1.095890411,0.191780822,0.465753425,12.02739726,0,0,49.97260274,11.56164384,65.67123288,13.34246575
Beans And Legumes,24.05479452,28.79452055,52.2739726,25.61643836,6,62.4109589,7.643835616,36.21917808,20.08219178,13.64383562,63.34246575,0.438356164,18.35616438,11.06849315,2.356164384,5.534246575,43.69863014,10.49315068,20.68493151,6.684931507,28.10958904,25.97260274,27.56164384,26.93150685,50.60273973,22.54794521,107.2328767,31.26027397,105.3424658,14.49315068,25.04109589,29.47945205,24.49315068,62.2739726,42.93150685,4.02739726,12.54794521,7.616438356,14.63013699,7.863013699,7.863013699,5.863013699,8.630136986,7.753424658,20.57534247,6.082191781,19.8630137,11.91780822,37.09589041,16.63013699,34.30136986,5.726027397,17.20547945,22.82191781,56.16438356,4.904109589,12.90410959,2.547945205,27.12328767,17.67123288,5.068493151,8.904109589,13.04109589,12.1369863,2.054794521,5.643835616,5.97260274,42.90410959,8.630136986,12.68493151,11.7260274,2.794520548,17.67123288,25.83561644,27.53424658,17.47945205,14.90410959,6.301369863,16.4109589,31.69863014,2.438356164,28.73972603,36.65753425,12.38356164,1.397260274,8.109589041,8.520547945,27.69863014,13.45205479,27.42465753,3.616438356,9.97260274,26.68493151,6.520547945,7.04109589,14.98630137,7.835616438,3.561643836,7.205479452,5.534246575,24.84931507,11.83561644,24.68493151,35.69863014,4.164383562,8.191780822,10.46575342,13.36986301,22.57534247
Figure S2b,,,,,,,,,,,,,,,,,,,,,,,,,,,,,,,,,,,,,,,,,,,,,,,,,,,,,,,,,,,,,,,,,,,,,,,,,,,,,,,,,,,,,,,,,,,,,,,,,,,,,,,,,,,,,
2015,Angola,Benin,Burkina Faso,Central African Republic,Cote d'Ivoire,Cameroon,Congo,Djibouti,Algeria,Egypt,Ethiopia,Gabon,Ghana,Guinea,The Gambia,Guinea-Bissau,Kenya,Lesotho,Morocco,Madagascar,Mali,Mozambique,Mauritania,Mauritius,Malawi,Namibia,Niger,Nigeria,Rwanda,Senegal,Chad,Togo,Tunisia,Tanzania,Uganda,South Africa,Zambia,Zimbabwe,Albania,Argentina,Antigua and Barbuda,Australia,Austria,Belgium,Bangladesh,Bulgaria,Bosnia and Herzegovina,Bolivia,Brazil,Barbados,Canada,Switzerland,China,Colombia,Cuba,Germany,Dominica,Denmark,Dominican Republic,Spain,France,United Kingdom,Greece,Grenada,Croatia,Hungary,Indonesia,India ,Ireland,Iran,Iraq,Iceland,Jordan,Japan,Cambodia ,South Korea,Kuwait,Laos,Saint Lucia,Sri Lanka,Luxembourg,Mexico,Myanmar,Montenegro,Mongolia,Malaysia,Netherlands,Norway,Pakistan,Peru,Philippines,Portugal,Paraguay,Romania,Russia,Saudi Arabia,Serbia,Slovakia,Slovenia,Sweden,Syria,Thailand,Trinidad and Tobago,Turkey,Ukraine,Uruguay,United States,Venezuela,Vietnam
Cheese,1.068493151,0.082191781,0.246575342,0.02739726,0.109589041,0.054794521,0.164383562,0.575342466,1.150684932,2.328767123,0.438356164,0.876712329,0.136986301,0.219178082,0.493150685,0.219178082,2,0.02739726,4.438356164,0,0.054794521,0.082191781,1.369863014,4.02739726,0.02739726,2.246575342,2.328767123,0.246575342,0.493150685,0.410958904,0.109589041,0.164383562,5.178082192,1.863013699,0.164383562,0.739726027,0.246575342,0.657534247,5.589041096,2.657534247,10.71232877,13.56164384,35.17808219,41.42465753,0.493150685,3.01369863,4.794520548,0.301369863,1.452054795,7.424657534,31.39726027,14.82191781,0.410958904,1.315068493,0.712328767,34.84931507,1.342465753,31.75342466,0.931506849,7.643835616,26.76712329,10.38356164,6.219178082,3.287671233,4.246575342,22.54794521,0.273972603,8.438356164,22.10958904,6,0.849315068,46.95890411,1.315068493,1.643835616,0.164383562,4.328767123,6.575342466,0.082191781,3.479452055,0.191780822,18.87671233,1.123287671,2.493150685,6.082191781,14.68493151,1.698630137,9.01369863,27.75342466,14.57534247,0.575342466,0.164383562,11.56164384,0.191780822,3.287671233,14.05479452,9.890410959,1.01369863,15.42465753,36.95890411,56.10958904,1.671232877,0.712328767,1.616438356,7.287671233,5.835616438,3.260273973,6.246575342,0.383561644,0.246575342
Yoghurt,54.8997394,9.365946375,35.39061793,19.20647789,2.220447126,339.9171194,7.625267125,12.04888267,5.998228855,22.19903605,51.77104215,4.537590793,21.51219533,10.54863692,39.45266274,10.66698633,39.08392558,60.7251013,34.60324023,41.17433196,8.677718755,54.0894245,58.12483005,1.311226879,6.08194989,42.17544991,52.11398265,24.90247609,44.36885387,33.75819067,6.42097337,9.30148681,8.207514835,37.67499198,13.58938004,5.103179335,66.3138617,30.28078538,106.7894868,57.05304757,18.37765135,70.72962095,88.13284576,38.82153568,4.363752544,655.2632503,96.00803103,15.1650855,16.55766589,24.07919394,12.06656103,42.59513128,104.8541278,9.107299321,41.40568422,21.16221213,79.13475945,21.90095135,76.98515873,7.575838731,63.96425911,121.0915455,70.22780848,82.85064414,17.37092732,106.8503346,113.1499633,2.572876051,11.76425706,80.55840523,105.0644842,47.67728124,86.63955547,45.45945437,67.56177764,0.764101074,31.45610288,102.3744249,12.86567794,18.78904965,15.78258816,75.63177399,27.08510729,10.31798139,129.7342782,59.25210751,9.889229032,223.041985,74.93502067,8.985839933,13.08294799,5.990245166,115.4003829,13.77876772,99.90710059,110.8537698,85.01227369,80.72561799,53.18583819,117.4719092,131.8784743,58.60097524,7.443071897,22.83131463,198.4694845,91.82852661,27.69438563,23.65794088,20.25931932
Total Milk,20.84931507,33.12328767,52.05479452,35.12328767,3.890410959,27.17808219,3.643835616,84.38356164,224.4931507,101.2876712,84.19178082,35.31506849,5.178082192,43.89041096,77.12328767,49.39726027,201.3424658,148.6849315,63.89041096,57.26027397,129.1232877,10.63013699,228.8219178,52.08219178,25.69863014,157.1232877,105.9452055,3.616438356,43.5890411,32.79452055,61.56164384,2.054794521,250.6849315,76.24657534,103.2876712,136.6027397,19.5890411,75.28767123,826.6027397,530.4931507,120.9589041,595.2054795,481.8082192,280.4109589,49.75342466,369.4794521,517.4794521,116.4657534,401.260274,66.73972603,382.5479452,804.3287671,63.75342466,314.5205479,213.3424658,432.2739726,191.6986301,672.5479452,179.1506849,414.5205479,480.8493151,567.2876712,640.6575342,65.83561644,598,448,12.95890411,164.739726,679.7260274,48.30136986,81.53424658,550.3287671,116.7671233,128.1917808,4.95890411,25.04109589,112.9315068,6.520547945,82.16438356,23.5890411,294.3835616,248.0547945,44.32876712,945.1506849,402.7945205,16.1369863,832.5753425,470.7671233,274.1917808,148.5753425,2.301369863,354.9589041,187.7260274,635.2054795,354.2465753,108.9315068,428.3561644,390.4383562,374.9041096,492.7945205,266.4109589,42.08219178,82.90410959,427.6712329,395.6164384,475.3150685,607.0958904,368.9863014,16.2739726
Fruits,174.8493151,108.630137,13.97260274,121.2328767,32.1369863,168.5753425,102.630137,111.7808219,306.109589,414.109589,23.36986301,69.23287671,179.5616438,114.5753425,12.02739726,82,206,35.26027397,248.3835616,138.3287671,135.6438356,110.2465753,37.7260274,112.3561644,382.2191781,97.23287671,71.23287671,66.2739726,228.3013699,48.71232877,22.2739726,23.69863014,236.3835616,230.0273973,10.2739726,70.38356164,23.31506849,60.16438356,455.9452055,240.739726,340.9863014,196.3287671,245.6164384,313.4794521,81.09589041,133.1232877,245.9726027,172.0547945,356.1643836,181.1232877,254.3561644,220.2739726,248.109589,304.2191781,265.1232877,207.1780822,1059.205479,155.1780822,663.3424658,175.9178082,214.5479452,233.3150685,312.8767123,372.5753425,234.4931507,167.9178082,225.0136986,204.4109589,170.739726,411.8356164,180.6027397,211.4794521,114.5205479,91.01369863,81.78082192,142.9863014,239.0410959,431.6164384,190.9863014,239.6712329,219.4520548,303.3150685,93.28767123,304.4383562,32.05479452,148.4931507,299.1780822,217.8630137,108.5753425,356.0547945,249.6438356,277.0958904,213.1232877,220.6575342,151.3424658,163.4794521,246.6027397,131.5616438,305.1780822,178.8493151,248.5479452,478.8493151,167.260274,317.6986301,136.6027397,224.4109589,233.6438356,197.6438356,237.4246575
Refined Grains,721.9649923,505.412022,259.0708363,238.779342,537.6576963,373.3927568,890.3941875,268.4619053,379.4509646,425.2262363,393.3913964,436.2964736,698.3456898,464.8242519,290.8228054,166.9464553,371.2057274,298.3929832,291.9946295,451.7705165,320.0151931,304.3996112,361.2692308,285.3837969,544.3126032,284.8399342,382.114809,343.3081917,318.7175762,393.2574582,203.1520921,551.1896822,484.7167567,470.3334215,359.9212079,153.3502882,371.525118,343.7472928,359.6570229,321.6189258,194.9402856,146.298755,142.2133372,174.718671,309.504628,262.4319403,369.1698572,300.7145113,362.5384891,161.1780571,187.009216,181.1876954,326.4407631,305.4546054,401.7598142,233.8591537,144.3380125,93.86783032,188.1435503,240.8546162,316.7586931,229.448286,152.3538847,191.2179132,259.884375,160.2248505,543.7383251,252.1832591,267.5231549,437.3283654,405.7467308,118.7839829,343.8731604,239.6700202,620.9612701,268.67246,322.0417187,351.6797409,196.478849,335.1898077,273.8419029,404.0277669,246.2243371,110.9319751,218.7864515,266.6158895,122.7057853,104.8213534,304.8461738,346.1670548,329.6883868,278.2371668,604.4838251,436.2398529,150.2526477,387.2271286,257.6049547,158.5381561,298.866757,142.1837336,397.0385843,248.5712258,262.1784202,548.497219,312.1491011,364.5201262,238.8847492,303.3327896,318.3967741
Whole Grains,65.77678851,40.15195062,145.4739582,248.6320278,27.54709824,139.0445035,82.2670454,105.7465879,185.1787614,197.0558185,7.725589939,33.65078667,82.68006363,99.80930978,29.1773316,92.96573647,14.60879319,118.8142771,434.1211239,27.96277119,79.66398494,252.7502518,26.17200205,98.61428533,178.5228762,32.09280552,7.761766374,248.6009864,17.11351966,12.78692534,86.14297642,33.95086576,76.57283235,23.6782223,16.41591536,283.3187529,184.8865259,8.8179127,32.60379898,16.77189614,17.08327601,85.47398471,164.7231011,176.5002331,3.032084357,107.8592926,98.36151261,24.1071325,9.091099957,69.02139494,85.85338678,94.97915392,4.001017746,22.45827136,39.28580224,73.11303811,19.54513815,225.2676491,4.701381183,50.66442492,73.58281372,89.34102911,217.0031016,16.46167581,81.83850174,147.0743276,30.24660638,68.32742585,87.81506429,46.00519626,7.636830834,94.13190753,17.89245599,2.266007205,17.83681208,7.173019464,15.8930758,0.291765941,84.3427948,10.77320595,42.67987794,21.47894542,2.350183425,236.737066,104.9749183,3.818357093,105.3585983,209.3728932,61.61999059,25.25239724,22.91613371,57.59173731,127.1475448,7.323434789,273.4137907,17.80287139,138.3395658,127.0825288,92.38885947,120.7755814,9.168812948,3.264253665,69.76925099,8.695383747,122.5766523,38.98877793,42.90155212,17.57447071,6.067883429
Nuts And Seeds,10.79452055,51.31506849,49.31506849,19.67123288,17.89041096,44.57534247,9.369863014,5.452054795,7.068493151,5.753424658,4.712328767,38.52054795,20.95890411,17.50684932,50.73972603,15.34246575,6.219178082,1.397260274,8.356164384,0.95890411,22.76712329,11.04109589,2.328767123,6.493150685,2.383561644,2.219178082,32.35616438,26.2739726,3.178082192,22.35616438,51.42465753,15.61643836,20.54794521,29.09589041,24.10958904,2.547945205,23.20547945,3.452054795,12.1369863,0.98630137,4.547945205,18.32876712,19.31506849,8.98630137,3.068493151,9.123287671,6.465753425,25.04109589,9.726027397,12,18.76712329,13.5890411,22.19178082,1.835616438,0.904109589,13.64383562,7.232876712,8.109589041,1.01369863,19.97260274,13.01369863,9.424657534,34.71232877,3.780821918,9.506849315,1.835616438,15.78082192,9.643835616,7.945205479,29.26027397,5.506849315,9.287671233,12.79452055,6.02739726,11.97260274,19.31506849,9.095890411,13.50684932,3.452054795,5.068493151,9.726027397,11.09589041,31.15068493,7.808219178,3.506849315,7.04109589,10,9.643835616,2.273972603,2.767123288,6.904109589,9.260273973,5.835616438,5.342465753,4.575342466,6.082191781,10.16438356,10.71232877,9.178082192,9.04109589,24.35616438,4.767123288,12.1369863,32.43835616,5.369863014,3.068493151,23.56164384,0.684931507,11.97260274
Total Processed Meats,37.73934777,40.25189344,10.11849793,37.47993253,1.917555061,13.49566605,10.64735548,8.892339205,21.76543178,26.70126486,1.052587193,83.89111378,7.215998256,20.99752287,8.985093493,18.23438184,17.63322902,41.97715823,6.714928708,10.28395291,21.91394558,9.468983488,56.21321603,51.02931827,26.44426482,22.38623104,9.65583601,7.133671101,9.410963385,13.32013018,22.40948046,4.525200426,40.86679161,8.801902942,9.714448444,46.70182973,36.58472101,71.48957923,66.8344874,62.12961323,111.8469892,80.35878984,87.26000818,58.50791793,0.575607114,54.42427631,18.20663942,25.34246594,96.95652515,34.50792494,87.32441335,61.70335557,7.359152165,69.33404067,25.52730781,135.7356401,47.98437952,74.81473482,53.62315106,105.7870977,94.27211265,99.8411682,12.91568367,38.07020781,63.97186422,76.02463697,20.03473199,4.539738346,116.1940979,28.1018645,16.0582813,73.11023191,36.06225245,17.42038183,10.83708417,8.057133217,103.9276549,26.2892276,44.87266848,2.687711748,117.6607296,51.7049335,41.97495745,50.89738996,198.3337315,74.60957118,68.382429,47.10684521,6.142316163,24.67954995,74.63470597,54.09762535,14.66805906,85.89376454,47.80909029,98.6907523,53.51779361,91.86602212,82.84250174,67.19568066,15.83818288,16.46399409,74.77753522,7.900462302,78.74184149,56.93344873,134.3157203,60.66882118,20.76380187
Unprocessed Red Meats,35.82229606,34.26865451,35.99109111,75.61595788,44.35641754,28.36734765,88.80469931,44.58711285,41.79621206,61.95626939,24.70083746,117.8897081,34.31824832,16.29014837,24.41216678,34.72452226,32.44896276,52.92695136,95.25767403,31.44207449,49.31893113,17.1611535,44.71829082,96.17616118,28.56943381,63.88774156,18.23457495,17.55126041,20.09588593,37.09082873,114.7686017,39.8035667,42.0921125,24.97891898,27.68281183,148.4762525,24.62075844,87.96247556,63.43948521,264.6923046,95.22150396,285.832991,168.0002658,118.0400273,13.31480384,114.3976415,101.7385661,211.3698628,184.221557,173.0263216,167.6892853,143.1733568,172.6956424,97.43308261,121.404199,105.3054558,130.3717849,142.4729364,98.67821881,179.6375598,146.1936408,125.8848592,183.2213026,116.3955456,143.9733413,137.7835822,15.93787075,8.556152065,125.5319295,80.19950536,30.32528034,179.8760695,77.0062407,116.1960565,30.17661446,203.9428668,95.96275602,53.10803267,229.812263,23.64105537,121.1885855,146.7334227,119.6140836,161.8149388,133.4744877,91.80138773,137.9189409,149.331511,42.81658795,111.210861,44.2146091,217.1352514,81.79769437,118.8733587,165.6429645,64.43253537,126.6739872,53.42164911,124.9383202,144.6399358,46.60017328,69.31682783,148.6471223,99.30501715,64.38144618,112.929565,192.5335947,105.1667953,135.647157
Fish,61.69863014,52,18.82191781,21.7260274,50.16438356,51.26027397,68.49315068,12.98630137,10.90410959,62.93150685,1.232876712,92.73972603,65.8630137,28.19178082,68.19178082,2.904109589,10.63013699,3.917808219,53.67123288,10.60273973,20.02739726,31.45205479,21.67123288,54.16438356,24.95890411,31.69863014,4.849315068,30.24657534,19.50684932,44.57534247,19.56164384,35.28767123,32.68493151,19.80821918,34,16.65753425,33.36986301,10.43835616,17.7260274,14.19178082,111.0410959,49.09589041,32.52054795,52.63013699,62,17.06849315,14.95890411,7.205479452,22.4109589,104.4109589,39.50684932,36,62.95890411,19.26027397,16.63013699,31.39726027,89.39726027,50.90410959,18.54794521,78.93150685,63.01369863,38.63013699,35.45205479,72.4109589,36.46575342,15.50684932,96.63013699,16.16438356,53.67123288,29.04109589,7.753424658,197.2328767,15.5890411,87.15068493,106.5753425,101.3972603,33.06849315,64.98630137,74.05479452,82.10958904,66.2739726,32.05479452,126.8767123,26.2739726,1.479452055,131.9452055,45.83561644,112.4383562,4.849315068,58.43835616,73.89041096,119.7260274,10.98630137,18.08219178,51.20547945,28.90410959,14.57534247,25.61643836,23.09589041,69.06849315,4.657534247,47.42465753,53.06849315,13.53424658,23.53424658,21.15068493,35.12328767,19.78082192,72.52054795
Shellfish,0.520547945,0.054794521,0.02739726,0,0.136986301,3.917808219,0.520547945,0.246575342,0.465753425,1.589041096,0,1.232876712,0.383561644,0,4.849315068,0.109589041,0.054794521,0.054794521,1.671232877,1.616438356,0.273972603,1.479452055,1.753424658,10.60273973,0,3.698630137,0,0.493150685,0.02739726,2.164383562,0,0,2.739726027,0.273972603,0,1.260273973,0.054794521,0.02739726,5.150684932,5.561643836,37.94520548,21.45205479,5.917808219,15.17808219,3.369863014,2.191780822,0.739726027,0.054794521,2.301369863,8.904109589,20.84931507,11.36986301,41.31506849,0.931506849,2.136986301,4.164383562,0.136986301,17.7260274,2.054794521,40.57534247,26.38356164,12.87671233,13.7260274,2.136986301,9.698630137,0.630136986,9.698630137,1.397260274,4.356164384,0.657534247,0.082191781,57.75342466,0.328767123,43.12328767,6.356164384,53.64383562,6.02739726,0.02739726,17.06849315,3.260273973,30.32876712,9.479452055,0.082191781,6.849315068,0,27.20547945,13.01369863,24.65753425,0.301369863,10.2739726,8,24.52054795,0.246575342,1.342465753,4.02739726,3.01369863,0.684931507,0.273972603,7.753424658,22.16438356,0,18.30136986,6.547945205,1.561643836,1.890410959,2.410958904,25.09589041,3.890410959,24.79452055
Eggs,1.178082192,2.767123288,5.890410959,1.205479452,5.561643836,1.01369863,1.945205479,5.123287671,24,10.65753425,1.178082192,2.767123288,3.205479452,4.246575342,1.506849315,4.684931507,3.753424658,2.657534247,19.5890411,1.726027397,2.356164384,4.301369863,6.438356164,17.17808219,2.712328767,4.054794521,0.821917808,8.876712329,1.178082192,4.520547945,0.712328767,3.095890411,23.97260274,4.02739726,1.671232877,18.93150685,9.287671233,2.95890411,40.98630137,41.17808219,10.24657534,21.26027397,36.54794521,22.35616438,7.315068493,22.43835616,14.02739726,16.65753425,26.32876712,22.21917808,37.36986301,27.34246575,53.56164384,32.46575342,22.87671233,34.52054795,9.369863014,44.19178082,25.04109589,37.78082192,35.26027397,30.16438356,28.4109589,26.16438356,23.06849315,36.98630137,13.97260274,7.671232877,24,24.68493151,22.90410959,25.69863014,8.821917808,52.08219178,3.342465753,33.09589041,38,5.205479452,10.35616438,11.80821918,39.36986301,53.01369863,23.50684932,32.65753425,8.630136986,50.21917808,56.63013699,32.05479452,8.246575342,25.23287671,10.98630137,27.28767123,42.08219178,39.28767123,42.30136986,18.38356164,29.97260274,29.20547945,23.64383562,35.7260274,18.43835616,33.04109589,10.71232877,23.94520548,42.98630137,28.95890411,40.10958904,16.4109589,11.09589041
Total Salt,8.016208976,5.854497115,6.760477709,6.588720688,9.752164893,7.067294632,5.287822176,5.78102913,7.171861194,6.827177017,10.61172854,2.692779749,5.706344086,6.149603872,5.768070342,6.857656937,5.271455955,6.53870064,4.596442264,5.206519005,7.748713874,9.277466748,2.303585731,7.216984671,6.024321753,7.135252707,6.321557004,6.703260947,9.906729553,6.21457285,6.038228076,5.598534154,8.215413724,5.997450993,5.784035471,8.493927844,8.976227147,5.84720165,8.049058976,4.134347047,6.285197115,6.851727709,7.846876221,6.833270688,10.39091489,7.578294632,7.037304728,5.386372176,7.530515973,6.20077913,7.372611194,6.830827017,9.88902854,2.849729749,5.706344086,6.375903872,6.731670342,7.350406937,5.373655955,6.674999498,7.286389537,6.56790064,4.359192264,6.100769005,7.478613874,9.543916748,2.803635731,7.264434671,6.206821753,6.861502707,6.296007004,6.776260947,9.983379553,9.911731573,6.19997285,10.81849263,8.73351093,12.43068595,6.841228076,6.631484154,7.923413724,6.169000993,5.784035471,8.475677844,8.895927147,6.96410165,5.173221538,7.393469057,6.636091876,5.832999084,4.44883899,8.972173041,4.943974389,9.740672144,7.497990889,7.831563166,5.611683208,7.193900802,7.346670517,8.462104722,7.291784438,10.87995532,5.43327434,6.745254192,7.297638651,6.381303715,8.256246405,5.857815761,3.307753795
Added Sugars,60.63013699,23.80821918,25.78082192,19.31506849,24.52054795,25.67123288,45.67123288,99.69863014,82.71232877,73.39726027,19.97260274,47.26027397,39.39726027,40.65753425,80.1369863,16.38356164,51.61643836,40.60273973,98.05479452,22.38356164,31.64383562,31.80821918,108.9589041,114.630137,32.71232877,92.02739726,16.57534247,30.95890411,30.10958904,48.71232877,25.5890411,43.56164384,96.93150685,31.36986301,40.90410959,114.1369863,38.1369863,93.50684932,94.2739726,126.9315068,133.0410959,116.4657534,128.4931507,168.4931507,29.80821918,93.06849315,97.97260274,216.3013699,117.2054795,165.5616438,255.1232877,132.1917808,21.26027397,162.2465753,146.3835616,135.0410959,182.9315068,150.2465753,106.2739726,91.12328767,105.8630137,102.630137,79.91780822,149.9452055,143.0410959,113.8082192,68.98630137,61.78082192,223.5342466,88.08219178,57.94520548,136.3013699,122.5753425,74.16438356,69.80821918,133.8630137,110.3287671,117.6164384,116.6027397,86.65753425,447.260274,135.3972603,78.32876712,352.739726,144.6849315,120.109589,124.7671233,121.7808219,67.20547945,61.91780822,61.56164384,104.0273973,84.73972603,76.43835616,212.3835616,83.78082192,75.20547945,158.5205479,135.2328767,131.6438356,124.5205479,151.8356164,172.6849315,87.17808219,184.6849315,143.3150685,181.6986301,104.1917808,28.98630137
Non-Starchy Vegetables,111.5342466,179.0410959,43.83561644,129.1232877,103.890411,379.3424658,120.7945205,262.9041096,505.9726027,503.6986301,161.4520548,153.3424658,186.6849315,214.9315068,41.7260274,154.0547945,132.0273973,64.21917808,338.1917808,61.69863014,267.0410959,71.83561644,93.78082192,176.3561644,168.5753425,395.5342466,276.5479452,295.6986301,147.3972603,203.5342466,27.09589041,60.95890411,804.5205479,128.9863014,90.98630137,118.9041096,71.61643836,43.94520548,740.630137,192.9863014,172.5479452,251.1780822,247.5890411,287.7534247,97.09589041,217.9726027,644.8219178,111.890411,142.3561644,173.7808219,286.7945205,261.4794521,1002.219178,148.0273973,393.0136986,245.8082192,402.2191781,261.2328767,144.8219178,347.5890411,260.7671233,220.3013699,509.5890411,382.1643836,224.739726,263.1232877,117.6164384,235.0410959,258.6027397,552.1369863,214.3561644,182.739726,319.5616438,264.1369863,108.7671233,528.0547945,482.9315068,737.3424658,107.1780822,148,255.7534247,169.9452055,247.5890411,320.4657534,114.4931507,227.9178082,178.2739726,198.8767123,75.15068493,217.8356164,177.6986301,466.4931507,125.9726027,533.1506849,313.8630137,178.3013699,304.1917808,166.3287671,248.7123288,251.260274,309.2876712,132.4657534,123.890411,661.369863,455.4246575,161.8356164,326.2739726,153.8356164,425.4246575
Potatoes,43.56164384,0.410958904,2.931506849,4.657534247,1.589041096,17.12328767,4.520547945,44.2739726,184,88.24657534,17.56164384,3.589041096,0.383561644,13.47945205,3.671232877,0.98630137,96.73972603,156,126.8493151,15.80821918,20.21917808,22.02739726,22.87671233,61.06849315,99.89041096,49.56164384,8.356164384,12.73972603,321.3972603,20,6.739726027,1.095890411,83.61643836,53.23287671,9.452054795,88.82191781,5.863013699,3.97260274,128.6027397,107.2328767,25.7260274,130.739726,151.8356164,250.8767123,133.9726027,70.79452055,216.6027397,191.2054795,46.98630137,107.5342466,200.6027397,107.0958904,124.5479452,90.46575342,33.47945205,181.6712329,27.36986301,158.3287671,21.34246575,155.8356164,135.9178082,235.1506849,179.3424658,26.46575342,106.7123288,130.0273973,11.7260274,68.19178082,197.8630137,150.630137,48.60273973,113.9726027,66.32876712,50.68493151,0.164383562,32.57534247,105.3150685,11.61643836,30.19178082,25.69863014,102.0821918,40.98630137,26.30136986,74.57534247,126.1643836,33.89041096,248.5753425,135.8356164,39.20547945,245.2054795,6.301369863,177.0136986,10.24657534,274.5205479,308.3287671,36.24657534,115.6712329,137.9178082,123.2876712,144.6027397,70.52054795,8.246575342,80.95890411,130.4657534,318.0273973,81.36986301,137.5890411,41.64383562,9.561643836
Other Starchy Vegetables,113.9726027,427.3972603,11.5890411,268.0273973,686.5753425,232.4383562,56.71232877,0.02739726,0.082191781,7.863013699,38.52054795,491.1780822,786.0547945,170.9315068,0.109589041,67.83561644,54.21917808,1.97260274,1.424657534,63.69863014,55.45205479,35.91780822,3.534246575,1.534246575,163.4520548,5.890410959,12.08219178,399.4246575,392.3561644,14.68493151,92.05479452,216.5479452,0,149.7534247,428.3835616,5.095890411,23.26027397,4.98630137,0.493150685,20.4109589,18.1369863,6,0.109589041,4.273972603,6.904109589,2.246575342,1.671232877,76,4.410958904,24.95890411,5.917808219,0.821917808,59.09589041,176.9863014,230.5479452,0.02739726,211.3150685,1.424657534,170.0273973,0.493150685,0.931506849,1.232876712,0.821917808,139.6438356,0.109589041,2.109589041,20.63013699,2.273972603,2.575342466,0.02739726,0,28.95890411,12.95890411,12.93150685,7.534246575,11.75342466,0.630136986,25.04109589,24.57534247,72.24657534,2.493150685,0.904109589,51.91780822,0,0.082191781,2.328767123,9.917808219,0.493150685,0.136986301,18.79452055,93.7260274,1.671232877,17.91780822,9.424657534,0,11.89041096,0.849315068,4.356164384,0.054794521,1.178082192,2.082191781,0.465753425,12.05479452,0,0,47.17808219,11.15068493,53.47945205,14.57534247
Beans And Legumes,24.82191781,28.71232877,51.69863014,27.67123288,6.191780822,61.80821918,9.095890411,37.5890411,20.30136986,13.8630137,71.23287671,0.630136986,23.39726027,13.04109589,2.794520548,5.260273973,47.83561644,6.904109589,16.46575342,6.410958904,30.71232877,24.46575342,31.91780822,27.06849315,49.7260274,23.26027397,105.5342466,27.89041096,106.4383562,13.91780822,25.39726027,22.54794521,23.53424658,57.09589041,55.45205479,5.561643836,15.69863014,8.547945205,16.95890411,6.520547945,7.232876712,4.410958904,7.863013699,7.671232877,16.10958904,6.438356164,20.49315068,12.32876712,39.36986301,22.43835616,17.64383562,5.315068493,13.5890411,19.89041096,44.16438356,4.575342466,13.20547945,3.479452055,25.06849315,13.94520548,5.479452055,8.739726027,13.91780822,19.50684932,2.082191781,9.863013699,6.493150685,40.16438356,9.561643836,15.67123288,8.904109589,2.849315068,19.28767123,24.32876712,25.45205479,17.8630137,15.7260274,6.273972603,18.19178082,30,2.328767123,27.26027397,39.04109589,12.1369863,1.369863014,8.054794521,4.191780822,14.08219178,12.87671233,26.82191781,3.890410959,9.726027397,25.31506849,6.273972603,6.904109589,15.94520548,8.520547945,3.698630137,7.260273973,5.808219178,27.83561644,16.08219178,26.08219178,35.8630137,4.164383562,7.589041096,10.08219178,8.630136986,18.21917808
Figure S2c,,,,,,,,,,,,,,,,,,,,,,,,,,,,,,,,,,,,,,,,,,,,,,,,,,,,,,,,,,,,,,,,,,,,,,,,,,,,,,,,,,,,,,,,,,,,,,,,,,,,,,,,,,,,,
2010,Angola,Benin,Burkina Faso,Central African Republic,Cote d'Ivoire,Cameroon,Congo,Djibouti,Algeria,Egypt,Ethiopia,Gabon,Ghana,Guinea,The Gambia,Guinea-Bissau,Kenya,Lesotho,Morocco,Madagascar,Mali,Mozambique,Mauritania,Mauritius,Malawi,Namibia,Niger,Nigeria,Rwanda,Senegal,Chad,Togo,Tunisia,Tanzania,Uganda,South Africa,Zambia,Zimbabwe,Albania,Argentina,Antigua and Barbuda,Australia,Austria,Belgium,Bangladesh,Bulgaria,Bosnia and Herzegovina,Bolivia,Brazil,Barbados,Canada,Switzerland,China,Colombia,Cuba,Germany,Dominica,Denmark,Dominican Republic,Spain,France,United Kingdom,Greece,Grenada,Croatia,Hungary,Indonesia,India ,Ireland,Iran,Iraq,Iceland,Jordan,Japan,Cambodia ,South Korea,Kuwait,Laos,Saint Lucia,Sri Lanka,Luxembourg,Mexico,Myanmar,Montenegro,Mongolia,Malaysia,Netherlands,Norway,Pakistan,Peru,Philippines,Portugal,Paraguay,Romania,Russia,Saudi Arabia,Serbia,Slovakia,Slovenia,Sweden,Syria,Thailand,Trinidad and Tobago,Turkey,Ukraine,Uruguay,United States,Venezuela,Vietnam
Cheese,0.136986301,0.082191781,0.164383562,0,0.082191781,0.054794521,0.383561644,0.520547945,1.534246575,5.945205479,0.602739726,0.767123288,0.273972603,0.136986301,2.164383562,0,2.054794521,0,4.520547945,0.02739726,0.02739726,0.02739726,3.616438356,3.506849315,0,0.876712329,2.246575342,0.273972603,0.630136986,0.383561644,0.054794521,0.02739726,3.698630137,1.753424658,0.054794521,1.123287671,0.246575342,0.821917808,3.369863014,2.739726027,3.424657534,10.65753425,33.20547945,44.10958904,0.520547945,2.082191781,3.452054795,0.136986301,1.260273973,8.438356164,30.02739726,15.50684932,0.246575342,1.287671233,0.821917808,31.7260274,0.575342466,33.5890411,0.794520548,8.739726027,34.57534247,9.890410959,11.06849315,4.082191781,3.589041096,20.02739726,0.301369863,7.561643836,23.45205479,9.01369863,0.684931507,34.4109589,1.342465753,1.835616438,0.082191781,3.945205479,5.917808219,0.054794521,2.931506849,0.191780822,13.91780822,1.726027397,1.534246575,5.095890411,11.45205479,1.315068493,3.671232877,27.69863014,11.17808219,0.410958904,0.684931507,9.890410959,0.356164384,2.246575342,11.8630137,6.520547945,0.575342466,10.08219178,25.80821918,46.68493151,2.164383562,0.602739726,1.369863014,5.726027397,4.98630137,6.273972603,5.452054795,0.849315068,0.547945205
Yoghurt,54.8997394,9.365946375,35.39061793,19.20647789,2.220447126,339.9171194,7.625267125,12.04888267,5.998228855,22.19903605,51.77104215,4.537590793,21.51219533,10.54863692,39.45266274,10.66698633,39.08392558,60.7251013,34.60324023,41.17433196,8.677718755,54.0894245,58.12483005,1.311226879,6.08194989,42.17544991,52.11398265,24.90247609,44.36885387,33.75819067,6.42097337,9.30148681,8.207514835,37.67499198,13.58938004,5.103179335,66.3138617,30.28078538,98.95946869,55.66881744,17.18325039,68.67568847,88.92718837,38.86492437,4.440696047,662.4223146,91.17968301,14.07407836,17.06251223,22.98533015,11.66780854,44.49862908,109.4460001,8.972398674,39.3516026,20.59661069,79.99846624,22.90608952,78.06436937,7.154307261,65.32387289,126.7505402,72.63280931,84.46021456,19.03836803,104.5967313,111.8823584,2.547788229,12.61091271,79.09652201,111.1833887,51.78612511,79.53911355,51.57181882,67.24888515,0.771413051,30.1025797,93.49152725,11.35655558,21.01451079,14.54778845,76.65251798,26.78828126,10.0266689,132.4849645,54.97806927,10.30992079,222.551181,77.72515024,9.311068866,12.43559676,6.188788024,117.5618834,12.61594814,97.17579413,110.933458,82.40887106,77.42117804,59.89997924,119.2441489,131.1512426,58.98318279,7.759921521,22.80515623,189.3962668,96.87852287,25.90366332,23.20429817,24.93684909
Total Milk,21.45205479,34.08219178,42.57534247,35.89041096,3.808219178,29.91780822,3.01369863,55.28767123,230.1643836,108.7123288,119.6712329,37.26027397,6.383561644,39.20547945,81.09589041,54.10958904,240.2465753,133.1506849,58.76712329,65.94520548,292.3561644,10.2739726,230.8767123,46.71232877,8.02739726,153.5068493,105.4794521,3.561643836,48.65753425,30.19178082,48.21917808,2.547945205,201.5068493,70.32876712,100.4383562,145.7534247,21.45205479,79.89041096,783.1232877,510.0547945,126.630137,549.1780822,398.2739726,161.7260274,50.63013699,325.6438356,481.7260274,98.08219178,376.4657534,73.7260274,403.5068493,699.9726027,72.54794521,301.8082192,232.1917808,399.7534247,214.9589041,532.8767123,134.739726,431.3150685,551.4246575,590.0821918,709.4794521,57.69863014,497.0958904,391.6986301,13.78082192,130.630137,584.6027397,64.82191781,53.50684932,440.0547945,115.5890411,128.3561644,4.904109589,23.31506849,91.78082192,2.739726027,80.68493151,21.31506849,277.4246575,242.2739726,37.36986301,803.6438356,140.9315068,13.8630137,763.5342466,474.8767123,232.7123288,140.8767123,1.808219178,322.7671233,190.8493151,623.4520548,426.9041096,111.1506849,392.8219178,354.5205479,393.3150685,633.6164384,221.5616438,31.97260274,70.19178082,341.0410959,463.8630137,433.3150685,598.1643836,372.6027397,8.164383562
Fruits,111.4520548,124.8219178,15.94520548,111.0684932,27.06849315,194.9041096,110.739726,50.35616438,246.4657534,367.9726027,19.15068493,68.4109589,176.2465753,114.8219178,18.82191781,73.78082192,211.2876712,48.93150685,198.2739726,141.5890411,205.1506849,84.71232877,27.45205479,104.3561644,133.2876712,67.39726027,77.61643836,70.63013699,440,49.39726027,24.52054795,25.45205479,214.9315068,235.890411,61.61643836,78.21917808,23.94520548,40.08219178,383.8356164,192.109589,341.0958904,221.6438356,229.8630137,155.1780822,77.5890411,97.80821918,246,128.0273973,441.1232877,163.0136986,260.5479452,222.4931507,198.3835616,189.0958904,302.8493151,166.4109589,1035.013699,217.5342466,467.890411,206.5753425,202.8219178,229.5342466,320.4383562,357.5342466,270.2739726,167.8630137,200.0821918,179.7534247,146.0273973,438.2465753,120.2465753,211.1780822,130.0273973,94.49315068,71.04109589,152.6575342,147.7260274,271.2876712,177.9178082,248.6849315,262.4383562,287.5342466,82.65753425,333.5342466,31.09589041,133.9726027,242.3835616,220.6849315,119.3150685,346.6849315,345.6712329,286.8493151,218.4931507,182.109589,143.7260274,198.0821918,167.4246575,132.0547945,295.890411,197.1506849,196,365.5890411,176.3561644,336.9315068,107.5616438,229.3424658,232.2465753,166.109589,233.369863
Refined Grains,840.0341229,504.7237538,239.784419,263.8027599,496.1678372,351.862782,745.5978979,255.2694593,383.4895238,435.0446869,401.6525776,439.7383281,691.3107994,385.9474816,341.9969569,185.2571938,332.9238164,418.1973244,276.4520232,538.7133276,313.8250497,456.7094579,305.6889667,296.5756501,562.2331209,254.6020828,411.6404037,318.9197228,331.9039637,348.4243131,223.3349044,533.1091117,482.6154011,458.4281545,416.2270242,156.7358789,368.6880455,384.4766502,357.8653945,332.9748029,161.1797982,139.5640672,136.1744319,162.7399372,300.4024214,277.8813813,344.1736162,299.4720299,395.8483843,162.9842312,216.801951,172.294288,327.752851,285.7652461,328.3850911,229.70965,138.8545256,113.5551939,214.1007996,225.26802,275.6020207,216.2931197,142.3192514,243.5855084,239.4731318,164.5221759,556.2641762,260.7124,271.0970019,422.0155615,420.0051605,111.6041779,345.8138146,242.0582299,570.1109865,296.3459213,305.5781344,359.5897085,197.6634514,295.7281848,273.866063,401.1152585,257.3358163,100.0620061,240.5707666,269.5230407,129.6106298,102.6698295,314.8323109,339.8488729,301.032428,274.1338819,572.8437918,473.2302169,143.9457973,360.2121962,245.1924667,173.3017689,277.2807247,143.456838,505.2560188,237.1488696,244.6571815,568.0141707,282.2975377,360.9528754,234.1872625,343.1128246,296.9372879
Whole Grains,77.43108255,39.32857494,139.7428413,272.1606648,24.31956001,132.7816016,67.16689661,100.9101298,187.1602022,200.9280528,7.906874427,33.9859185,81.89385812,82.0979979,39.84934443,116.4617103,13.34988226,166.288018,410.7922233,35.22311074,81.25686807,406.2376654,20.93322505,91.85941841,184.6503038,28.54846514,8.473431903,224.5869895,17.80302256,11.70349509,95.89824631,32.60006637,76.24322908,23.21239343,19.07831827,291.595354,182.9923655,9.893486801,32.51912601,17.55670394,13.95020178,78.80017941,157.6009105,163.1829395,2.673468999,115.3101255,91.74487696,24.19331259,10.01449237,70.07549479,100.3658573,89.55612299,4.024409293,21.59269908,33.25312805,71.99240475,18.71328265,270.7715185,5.637967508,47.28348681,63.71702042,83.81331868,205.1991048,21.71202589,75.36782712,152.3141255,30.30787862,70.31664105,88.96395697,43.97375358,8.054839463,88.33500023,17.99919912,2.320811153,15.41531488,6.953119809,14.30392044,0.328236683,83.72558968,8.239212498,42.80722466,21.33213875,2.662402914,213.1834734,117.373891,3.483534603,112.2090963,205.314417,63.4478261,25.11893534,21.29962675,56.92118657,121.0104548,7.964029721,262.3835178,16.54684491,131.5521909,139.0960393,85.67311092,121.7546688,11.39411818,2.191541312,63.45432534,9.018021078,110.6404075,38.54986433,42.06876494,19.15265483,4.166547725
Nuts And Seeds,8.136986301,43.39726027,46.76712329,25.17808219,17.39726027,47.28767123,11.50684932,0.575342466,6.520547945,7.506849315,4.219178082,32.49315068,25.53424658,25.39726027,10.76712329,16.98630137,4.301369863,0,8.219178082,1.232876712,28.68493151,11.97260274,2.383561644,7.534246575,5.424657534,0.520547945,43.36986301,35.28767123,2.821917808,29.8630137,50.90410959,20.21917808,17.64383562,20.46575342,25.5890411,0.739726027,23.04109589,8.98630137,10.93150685,1.205479452,5.205479452,17.61643836,17.39726027,10.02739726,2.657534247,11.23287671,6.383561644,19.47945205,8.273972603,12.90410959,17.83561644,13.17808219,18.46575342,1.589041096,1.232876712,14.32876712,32.95890411,7.589041096,0.273972603,24.54794521,11.78082192,9.753424658,32.35616438,3.150684932,15.26027397,2.246575342,18.1369863,5.205479452,9.534246575,21.56164384,1.506849315,8.849315068,10.32876712,6.109589041,9.589041096,17.20547945,13.56164384,12.05479452,3.945205479,3.97260274,4.356164384,8.438356164,29.39726027,8.246575342,4.684931507,7.753424658,8.712328767,11.26027397,2.164383562,1.835616438,7.178082192,10.95890411,5.369863014,4.438356164,5.726027397,4.438356164,9.917808219,9.97260274,10.49315068,11.42465753,31.64383562,5.534246575,6.273972603,27.75342466,5.506849315,3.04109589,22.24657534,1.068493151,8.438356164
Total Processed Meats,34.49249886,36.41908447,11.74178636,34.31120761,1.700708988,13.72530435,5.919108365,10.29543371,19.81404824,23.51625613,1.127612025,69.99469031,6.3306581,18.06620079,6.943361829,17.71555567,18.14447691,28.21097701,6.357713263,11.1009971,22.55450707,7.442698955,55.20613887,47.55328431,11.31256149,24.62556505,10.23442736,7.759153917,8.213839909,12.97988772,19.31234435,3.772864879,38.3834727,7.3170726,9.970653678,41.9621578,35.9787968,80.27223373,73.30007398,53.92135852,120.6224939,78.05612513,102.7976655,68.78584516,0.517705807,54.51259874,13.78181888,21.89307475,88.6807855,31.80651246,87.56833629,67.02545564,7.012022346,57.46512818,23.33775689,136.6921768,51.86882929,85.67235174,49.44635228,104.7412087,105.3888537,97.56296216,15.09325459,38.29303804,54.05158963,74.24189626,17.44074536,4.283309611,123.2924339,26.87911705,17.62332348,70.23617796,37.13704214,16.95602882,11.87952914,6.604600155,135.2370005,21.42689979,39.98080466,1.99131193,126.8787014,52.3759626,28.67363574,50.35327824,146.0441101,69.29084475,69.44494483,48.87417316,5.980766717,20.62931736,73.13788268,57.98828285,12.34349872,72.89592567,43.12084167,102.7517591,47.08947417,110.592624,99.66442324,71.8277678,16.49144712,15.94867265,73.17286708,6.717311035,81.21382886,66.09789741,135.5429134,75.69319966,21.13841592
Unprocessed Red Meats,32.74037785,31.00557307,41.76506295,69.22303896,39.3403869,28.85003812,49.36856287,51.62237451,38.04896546,54.56593565,26.46142907,98.36147407,30.10769806,14.01599099,18.86485735,33.73649913,33.38976967,35.56984491,90.19023194,33.94009879,50.76056142,13.48880789,43.9171488,89.62479788,12.22168508,70.27854454,19.32721647,19.09016115,17.53958475,36.14339995,98.90683373,33.18603923,39.53433552,20.76511918,28.41290797,133.4077052,24.21298402,98.76886216,69.57663835,229.7224771,102.6925746,277.642505,197.9146632,138.7757987,11.97544488,114.5832917,77.01270167,182.6000759,168.4972967,159.4811588,168.1576911,155.5224896,164.5496215,80.75404991,110.9910102,106.0475492,140.9256913,163.1495661,90.99200389,177.861531,163.4330641,123.0123803,214.1122249,117.076825,121.6470405,134.5526243,13.87432313,8.072854772,133.2007168,76.70992405,33.28078611,172.8049179,79.30131402,113.0987657,33.07937497,167.1762218,124.8725885,43.28542897,204.7589214,17.51553738,130.6829424,148.637736,81.70992591,160.0850779,98.28465702,85.25710045,140.0619045,154.934046,41.69046616,92.95972374,43.32787075,232.7514432,68.83458347,100.8848962,149.3997063,67.08385737,111.458471,64.31148556,150.3081795,154.6105884,48.52225151,67.14721776,145.4572699,84.4333739,66.4026095,131.107582,194.292703,131.2109099,138.0944608
Fish,42.52054795,36.95890411,14.4109589,25.8630137,40.79452055,45.80821918,52.2739726,6.95890411,10.43835616,55.12328767,0.520547945,80.02739726,61.42465753,28.90410959,70.49315068,2.547945205,9.01369863,2.301369863,37.69863014,14.84931507,21.45205479,19.04109589,22.87671233,50.24657534,19.80821918,31.61643836,7.178082192,38.43835616,7.753424658,64.82191781,21.01369863,31.20547945,32.90410959,17.50684932,38.73972603,14.30136986,18.43835616,6.301369863,13.78082192,10.49315068,102.1369863,50.2739726,31.12328767,48.19178082,50.63013699,16.21917808,14.68493151,4.821917808,21.26027397,99.69863014,37.67123288,35.53424658,56.02739726,14.95890411,14.57534247,34.16438356,63.39726027,47.12328767,19.31506849,77.7260274,61.7260274,39.94520548,36.38356164,76.38356164,37.20547945,14.02739726,69.8630137,14.71232877,50.63013699,23.50684932,8.849315068,172.109589,15.97260274,91.75342466,94.71232877,101.7808219,34.38356164,49.80821918,66.30136986,68.49315068,50.21917808,26.60273973,120.7671233,23.06849315,1.643835616,137.2876712,57.78082192,131.4794521,4.95890411,44.16438356,83.26027397,124.6027397,10.35616438,16.98630137,57.34246575,28.43835616,15.09589041,21.31506849,22.60273973,60.57534247,8.684931507,52.1369863,48.87671233,17.12328767,34.82191781,12.2739726,31.50684932,22.52054795,84.43835616
Shellfish,0.575342466,0.931506849,0.136986301,0,0.219178082,3.150684932,1.342465753,0.136986301,0.328767123,2.876712329,0,1.205479452,0.575342466,0,3.917808219,0.273972603,0.02739726,0.109589041,1.671232877,0.712328767,0.02739726,0.98630137,0.438356164,8.876712329,0,2.904109589,0,0.164383562,0,2.246575342,0,0.054794521,0.98630137,0.191780822,0,1.863013699,0.02739726,0.164383562,2.95890411,5.315068493,45.09589041,26.57534247,5.945205479,21.42465753,4.136986301,1.479452055,0.602739726,0.082191781,2.356164384,7.232876712,24.49315068,14.05479452,31.5890411,0.684931507,1.315068493,4.794520548,1.753424658,16.08219178,2.054794521,40.79452055,33.89041096,14.16438356,15.09589041,1.123287671,12.1369863,0.493150685,6.767123288,0.630136986,12.2739726,0.328767123,0,74.21917808,0.410958904,52.65753425,4.493150685,53.53424658,5.835616438,0,6.712328767,2.602739726,30.24657534,7.780821918,0.410958904,5.97260274,0.054794521,29.75342466,9.178082192,17.06849315,0.191780822,17.31506849,8.657534247,31.89041096,0.164383562,0.438356164,4.465753425,2.575342466,0.575342466,0.547945205,8,24.76712329,0.054794521,15.47945205,5.945205479,1.616438356,2.465753425,2.630136986,27.12328767,6.493150685,7.726027397
Eggs,3.808219178,2.136986301,7.452054795,1.452054795,3.561643836,1.095890411,1.287671233,0.739726027,17.94520548,7.04109589,0.95890411,3.068493151,2.876712329,6.02739726,2.082191781,1.863013699,4.98630137,2.191780822,15.67123288,1.863013699,2.465753425,2.98630137,3.917808219,14.82191781,3.178082192,4.082191781,0.684931507,9.369863014,0.739726027,4.301369863,1.506849315,2.547945205,19.01369863,3.835616438,2.931506849,16.71232877,8.465753425,5.506849315,21.64383562,30.05479452,11.50684932,17.61643836,33.36986301,33.53424658,4.136986301,24.82191781,10.76712329,14.2739726,22.79452055,18.16438356,34.24657534,28.32876712,49.89041096,27.39726027,23.15068493,33.5890411,9.452054795,43.97260274,23.20547945,37.36986301,36.73972603,29.69863014,24.63013699,26.95890411,27.31506849,38.2739726,12.1369863,6.356164384,24.08219178,25.7260274,25.39726027,19.42465753,14.68493151,51.75342466,3.369863014,27.94520548,33.23287671,5.260273973,9.424657534,7.205479452,24.93150685,49.67123288,16.60273973,17.34246575,5.97260274,40.52054795,38.1369863,30.10958904,7.260273973,19.36986301,10.46575342,26.65753425,54.87671233,34.24657534,41.06849315,13.04109589,18.60273973,33.53424658,27.50684932,34.08219178,8.164383562,31.42465753,7.04109589,19.31506849,47.31506849,32.76712329,38.4109589,21.09589041,8.356164384
Total Salt,8.008908976,5.854497115,6.742227709,6.585070688,9.759464893,7.041744632,5.273222176,5.67882913,7.135361194,6.819877017,10.57157854,2.703729749,5.717294086,6.149603872,5.782670342,6.857656937,5.256855955,6.54600064,4.611042264,5.250319005,8.007863874,9.281116748,2.296285731,7.435984671,6.038921753,6.989252707,6.317907004,6.681360947,9.910379553,6.21822285,6.027278076,5.602184154,8.189863724,6.019350993,5.787685471,8.526777844,8.968927147,5.88735165,8.030808976,4.148947047,6.248697115,6.775077709,7.843226221,6.815020688,10.31791489,7.242494632,7.011754728,5.397322176,7.548765973,6.10222913,7.372611194,6.834477017,9.87077854,2.802279749,5.695394086,6.361303872,7.060170342,7.335806937,5.384605955,6.693249498,7.304639537,6.54965064,4.348242264,6.031419005,7.482263874,9.507416748,2.774435731,7.249834671,6.144771753,6.894352707,6.244907004,6.750710947,9.979729553,9.904431573,6.23282285,10.78929263,8.79921093,12.32848595,6.848528076,6.554834154,7.751863724,6.161700993,5.776735471,8.482977844,8.888627147,6.88015165,5.297321538,7.397119057,6.643391876,5.880449084,4.44518899,8.975823041,4.933024389,9.868422144,7.497990889,7.740313166,5.615333208,7.230400802,7.335720517,8.418304722,7.576484438,10.86170532,5.59022434,6.584654192,7.337788651,6.381303715,8.241646405,5.897965761,3.340603795
Added Sugars,59.50684932,22.02739726,20.79452055,23.31506849,23.20547945,31.94520548,38.4109589,91.94520548,81.15068493,72.63013699,16.84931507,52.76712329,38.21917808,37.78082192,82.90410959,31.17808219,47.01369863,56.32876712,104.739726,22.98630137,27.34246575,26.4109589,105.1506849,97.45205479,29.64383562,71.97260274,11.50684932,29.78082192,18.52054795,56.10958904,25.80821918,48.73972603,104.739726,30.46575342,40.05479452,123.8082192,29.28767123,85.75342466,100.3561644,129.1780822,141.0684932,358.9041096,126.6027397,148.7671233,29.83561644,98.05479452,101.7808219,250.6575342,117.6164384,168.4931507,255.890411,160.4109589,18,160.739726,167.9452055,136.6575342,172.4383562,148.9041096,96.76712329,83.31506849,104.0821918,106.9589041,98.32876712,100,147.5068493,94.21917808,43.61643836,57.23287671,113.8356164,93.83561644,55.23287671,246.9315068,115.9178082,69.94520548,61.97260274,112.0273973,97.26027397,102.1369863,147.6712329,93.91780822,453.7808219,142.8493151,71.36986301,341.6986301,124.9589041,136.8219178,128.8767123,126.9863014,74.68493151,59.39726027,60.49315068,130.3013699,84.10958904,69.7260274,210.9863014,94,66.84931507,226.0273973,121.0958904,136.9863014,120.7945205,170.4931507,184.3287671,100.1369863,196.0273973,144.2191781,170.4931507,115.5342466,29.8630137
Non-Starchy Vegetables,107.4246575,106.0547945,42.84931507,130.7945205,99.78082192,350.5753425,117.7260274,176.739726,402.6575342,581.5068493,65.09589041,158.9041096,188.4931507,229.890411,59.7260274,149.1232877,149.1780822,63.53424658,369.5342466,64.32876712,256.3835616,50.68493151,43.53424658,201.0684932,80.63013699,391.1232877,124.4931507,271.3150685,210.5205479,179.1506849,26.93150685,69.04109589,678.3013699,117.6164384,82.87671233,132.4931507,79.83561644,46.43835616,671.6438356,192.5205479,118.7123288,273.6438356,266.630137,293.1232877,75.91780822,206.1369863,577.3424658,100.4383562,148.4383562,185.9452055,290.9863014,255.6438356,894.2739726,131.6438356,369.369863,224.3013699,353.9178082,312.1917808,134.2191781,396.7945205,284.7945205,229.8630137,630.5205479,173.6164384,210.1369863,192.0821918,112.7123288,202.9863014,239.0136986,597.3972603,488.3835616,169.1232877,333.369863,286.1917808,104.3013699,538.5479452,430.4383562,434.2191781,89.97260274,118.9863014,276.7945205,162.7123288,239.2876712,214.8493151,105.7260274,163.1232877,162.9589041,189.4246575,82.95890411,212.7123288,174.8219178,558.739726,145.5342466,491.1780822,279.1506849,260.6027397,325.0410959,240.9863014,200.1917808,219.4794521,270.9863014,156.0273973,101.7534247,631.3972603,432.3835616,148.3561644,332.3287671,179.9178082,249.6164384
Potatoes,67.80821918,0.547945205,4.876712329,0.246575342,1.479452055,16.30136986,3.506849315,40.10958904,181.5616438,82.76712329,15.67123288,3.917808219,0.356164384,13.20547945,7.643835616,2.273972603,152.630137,152,117.9178082,16,17.39726027,18.57534247,21.94520548,50.95890411,320.1917808,42.05479452,6.410958904,12.16438356,309.9726027,17.17808219,8.328767123,1.890410959,82.35616438,59.34246575,8.575342466,89.94520548,5.671232877,3.945205479,106.4931507,106.4931507,28.35616438,149.1232877,157.1232877,231.4246575,124.3013699,85.7260274,201.6438356,188.6575342,51.7260274,103.2054795,235.6438356,118.7123288,111.8630137,100,46.93150685,173.5068493,26.16438356,151.2876712,16.08219178,171.890411,147.6712329,251.1506849,177.6438356,27.67123288,122.1643836,110.2739726,10.65753425,62.4109589,225.6164384,154.7123288,37.7260274,143.8082192,67.01369863,49.31506849,0.136986301,32.49315068,106.8767123,12.46575342,30.19178082,21.80821918,149.4520548,39.42465753,27.28767123,72.71232877,146.109589,24.49315068,253.5342466,156.6575342,38.05479452,220.4931507,5.232876712,175.8630137,6.301369863,267.9726027,286.3287671,24.76712329,106.3561644,108,133.4794521,144.5479452,81.36986301,8.328767123,80.90410959,134,355.6712329,77.31506849,141.2876712,50.21917808,10.82191781
Other Starchy Vegetables,83.28767123,418.5205479,31.23287671,251.4794521,652.739726,203.7260274,60.43835616,0,0,7.671232877,40.19178082,528.4657534,772.630137,176.2191781,0.054794521,69.89041096,52.32876712,0,1.287671233,63.8630137,48.60273973,94.08219178,3.917808219,1.698630137,60.43835616,0.164383562,12.02739726,409.0136986,204.3013699,12.35616438,64.82191781,227.1780822,0,149.2876712,476.9041096,2.767123288,47.09589041,4.821917808,11.83561644,21.7260274,10.21917808,5.397260274,0.109589041,0.98630137,4.904109589,7.095890411,0.109589041,66.93150685,4.383561644,25.01369863,4.136986301,0.246575342,65.09589041,160.1643836,262.8219178,0.02739726,204.109589,0.95890411,132.5205479,2.547945205,0.630136986,1.397260274,0.98630137,33.06849315,0,0,19.56164384,2.164383562,5.780821918,0,0,3.287671233,0.684931507,13.31506849,14,11.80821918,0.602739726,22.4109589,29.06849315,72.93150685,2.794520548,1.095890411,46.63013699,0,0,2.02739726,6.904109589,0.164383562,0.164383562,18.95890411,14.02739726,1.589041096,17.28767123,1.479452055,0,0.438356164,0,1.178082192,0,0.219178082,0,0.465753425,15.67123288,0,0,50.08219178,10.4109589,47.23287671,13.5890411
Beans And Legumes,20.79452055,28.05479452,54.68493151,23.15068493,5.945205479,59.69863014,8.547945205,35.20547945,19.97260274,21.31506849,60.54794521,0.547945205,25.28767123,12.71232877,2.95890411,7.753424658,33.5890411,26.19178082,20.35616438,11.53424658,30.87671233,28.54794521,32.38356164,27.83561644,55.64383562,20.2739726,124.5753425,29.26027397,113.1232877,15.5890411,19.36986301,26.68493151,26.08219178,53.67123288,73.23287671,10.49315068,11.53424658,11.23287671,15.15068493,5.698630137,6.082191781,21.09589041,9.561643836,6.712328767,15.78082192,6.739726027,21.09589041,11.56164384,45.09589041,22.63013699,21.80821918,6.082191781,13.80821918,14.1369863,57.09589041,3.917808219,12.90410959,3.342465753,26.73972603,14.4109589,5.479452055,8.849315068,13.06849315,22.71232877,1.890410959,8.684931507,6.657534247,37.5890411,16.32876712,16.87671233,9.369863014,2.931506849,19.7260274,24.63013699,21.69863014,21.39726027,18.05479452,9.095890411,19.17808219,25.61643836,2.356164384,28.30136986,41.31506849,11.39726027,1.287671233,8.410958904,3.97260274,34.30136986,15.47945205,23.5890411,4.191780822,9.808219178,24.05479452,5.726027397,5.287671233,15.69863014,24.08219178,4.301369863,6.98630137,6.02739726,23.5890411,13.80821918,26.38356164,35.78082192,6.273972603,7.890410959,11.36986301,15.50684932,15.69863014
